"...1","...2","game_str","play_id","timestamp","p_field_x","p_field_y","c_field_x","c_field_y","1b_field_x","1b_field_y","2b_field_x","2b_field_y","3b_field_x","3b_field_y","ss_field_x","ss_field_y","lf_field_x","lf_field_y","cf_field_x","cf_field_y","rf_field_x","rf_field_y","bat_field_x","bat_field_y","run1b_field_x","run1b_field_y","run2b_field_x","run2b_field_y","run3b_field_x","run3b_field_y","ball_position_x","ball_position_y","ball_position_z","at_bat.x","play_per_game","event_player","event_code","home_team","away_team","at_bat.y","inning","top_bottom_inning","pitcher","catcher","first_base","second_base","third_base","shortstop","left_field","center_field","right_field","batter","first_baserunner","second_baserunner","third_baserunner","team_bat","team_fld","game_play","ball_pos_x_3","ball_pos_x_2","ball_pos_y_2","ball_pos_y_3","ball_pos_z_2","ball_pos_z_3","timestamp3","timestamp2","ball_distance_xy","ball_distance_delta","time_diff","exit_velo","launch_angle","spray_angle","to_base","""game_play""","binary","what_to_track","catch","ball_height","next_ball_position_x","next_ball_position_y","next_ball_position_z","fielder_col_name_x","fielder_col_name_y","current_fielder_pos_x","current_fielder_pos_y","current_fielding_pos_z","fielder_dist_from_ball","momentumx","momentumy","binary2"
122,13673,"1900_02_TeamKJ_TeamB",8,294053,-12.003,21.4668,-0.0576,1.5306,25.7646,71.8677,42.759,114.6708,-66.3114,72.8253,-16.8837,128.7171,-114.0018,249.4524,9.0201,252.3918,86.442,277.6875,45.507,39.27,12.4974,119.4072,-62.7546,62.3844,NA,NA,NA,NA,NA,NA,NA,NA,NA,NA,NA,NA,NA,NA,NA,NA,NA,NA,NA,NA,NA,NA,NA,NA,NA,NA,NA,NA,NA,"1900_02_TeamKJ_TeamB 8",NA,NA,NA,NA,NA,NA,NA,NA,NA,NA,NA,NA,NA,NA,29.4808064509776,"game_play",0,"CF",NA,NA,NA,NA,NA,"cf_field_x","cf_field_y",9.0201,252.3918,6,NA,-0.117899999999999,1.68540000000002,0
361,14595,"1900_02_TeamKJ_TeamB",34,993102,-1.3806,46.83,5.5929,-4.6224,60.8019,83.6601,27.8403,139.3464,-69.7449,79.2306,-64.7784,149.4519,-140.7903,241.6824,-32.2623,285.1917,94.9791,247.0119,26.9097,20.2995,-1.5093,125.823,-60.7986,62.6082,-8.5677,5.0283,-67.269,106.0848,177.993,NA,NA,NA,NA,NA,NA,NA,NA,NA,NA,NA,NA,NA,NA,NA,NA,NA,NA,NA,NA,NA,NA,NA,NA,"1900_02_TeamKJ_TeamB 34",NA,NA,NA,NA,NA,NA,NA,NA,NA,NA,NA,NA,NA,NA,55.909234070411,"game_play",0,"LF",NA,NA,-67.8204,106.6893,178.1367,"lf_field_x","lf_field_y",-140.7903,241.6824,6,154.246849820183,0.272099999999995,1.19309999999999,0
623,18418,"1900_02_TeamKJ_TeamB",101,3410199,-22.9353,60.6489,NA,NA,60.0015,64.4343,-2.2395,130.7757,-63.3663,74.5875,-20.379,86.9232,-104.9841,226.3518,-20.8203,261.3777,108.5811,215.4732,53.6463,54.6228,-0.156,124.7217,-61.1847,62.9547,NA,NA,45.3486,69.7629,0,NA,NA,NA,NA,NA,NA,NA,NA,NA,NA,NA,NA,NA,NA,NA,NA,NA,NA,NA,NA,NA,NA,NA,NA,"1900_02_TeamKJ_TeamB 101",NA,NA,NA,NA,NA,NA,NA,NA,NA,NA,NA,NA,NA,NA,12.5566390220473,"game_play",0,"just ball",NA,NA,47.6538,68.1036,0,NA,NA,NA,NA,6,NA,NA,NA,0
624,18419,"1900_02_TeamKJ_TeamB",101,3410232,-22.9989,60.651,NA,NA,59.8605,64.4118,-2.316,130.6944,-63.2895,74.4996,-20.3661,86.3385,-104.8593,225.9057,-20.9631,260.9319,108.7584,214.9365,54.3462,55.2054,-0.4617,124.8159,-61.1844,62.6247,NA,NA,47.6538,68.1036,0,NA,NA,NA,NA,NA,NA,NA,NA,NA,NA,NA,NA,NA,NA,NA,NA,NA,NA,NA,NA,NA,NA,NA,NA,"1900_02_TeamKJ_TeamB 101",NA,NA,NA,NA,NA,NA,NA,NA,NA,NA,NA,NA,NA,NA,11.6466322857726,"game_play",0,"just ball",NA,NA,49.9593,66.444,0,NA,NA,NA,NA,6,NA,NA,NA,0
625,18420,"1900_02_TeamKJ_TeamB",101,3410265,-23.0601,60.6474,NA,NA,59.7234,64.3983,-2.3865,130.6185,-63.2136,74.4099,-20.3649,85.7583,-104.7366,225.4593,-21.1068,260.4876,108.9426,214.3998,55.044,55.7829,-0.7671,124.9101,-61.1727,62.2995,NA,NA,49.9593,66.444,0,NA,NA,NA,NA,NA,NA,NA,NA,NA,NA,NA,NA,NA,NA,NA,NA,NA,NA,NA,NA,NA,NA,NA,NA,"1900_02_TeamKJ_TeamB 101",NA,NA,NA,NA,NA,NA,NA,NA,NA,NA,NA,NA,NA,NA,10.7417162692933,"game_play",0,"just ball",NA,NA,52.2645,64.7847,0,NA,NA,NA,NA,6,NA,NA,NA,0
920,19373,"1900_02_TeamKJ_TeamB",121,4178162,-7.2738,40.8699,-0.588,-3.2916,59.3949,65.6847,10.0881,134.7132,-53.0352,63.9711,10.7106,182.4087,-90.4953,249.0354,-5.8731,234.9423,71.8176,267.5946,51.15,47.3454,NA,NA,-61.4943,62.5917,-0.8379,0.8661,6.67161,183.3966,0,NA,NA,NA,NA,NA,NA,NA,NA,NA,NA,NA,NA,NA,NA,NA,NA,NA,NA,NA,NA,NA,NA,NA,NA,"1900_02_TeamKJ_TeamB 121",NA,NA,NA,NA,NA,NA,NA,NA,NA,NA,NA,NA,NA,NA,19.6338738194988,"game_play",0,"SS",NA,NA,6.98424,183.939,0,"ss_field_x","ss_field_y",10.7106,182.4087,6,4.15805082100977,-0.481199999999999,-2.1123,1
921,19374,"1900_02_TeamKJ_TeamB",121,4178195,-7.3707,40.7781,-0.5976,-3.249,59.2491,65.7657,9.852,134.535,-53.1018,63.9828,10.8438,183.0963,-90.2064,249.009,-5.6916,234.2874,71.4915,267.5541,51.7524,47.9031,NA,NA,-61.4967,62.0091,-0.2766,0.3252,6.98424,183.939,0,NA,NA,NA,NA,NA,NA,NA,NA,NA,NA,NA,NA,NA,NA,NA,NA,NA,NA,NA,NA,NA,NA,NA,NA,"1900_02_TeamKJ_TeamB 121",NA,NA,NA,NA,NA,NA,NA,NA,NA,NA,NA,NA,NA,NA,18.8261758031205,"game_play",0,"SS",NA,NA,7.23447,184.5363,0,"ss_field_x","ss_field_y",10.8438,183.0963,6,3.9504868919666,-0.4398,-2.08890000000002,1
1234,23162,"1900_02_TeamKJ_TeamB",196,6952770,-3.4386,40.7424,NA,NA,59.0886,64.7139,5.6247,132.6204,-39.4629,58.4511,-67.8834,133.5849,-95.7372,195.0003,2.8119,277.1379,125.3319,219.0546,40.1283,35.2788,10.3209,122.1669,-60.4017,62.9136,-13.4439,12.8748,NA,NA,NA,NA,NA,NA,NA,NA,NA,NA,NA,NA,NA,NA,NA,NA,NA,NA,NA,NA,NA,NA,NA,NA,NA,NA,NA,"1900_02_TeamKJ_TeamB 196",NA,NA,NA,NA,NA,NA,NA,NA,NA,NA,NA,NA,NA,NA,35.9385529804693,"game_play",0,"LF",NA,NA,NA,NA,NA,"lf_field_x","lf_field_y",-95.7372,195.0003,6,NA,-0.563999999999993,1.21109999999999,0
1235,23163,"1900_02_TeamKJ_TeamB",196,6952803,-3.2244,40.2252,NA,NA,58.8735,64.6032,5.3313,132.5214,-39.0597,58.3317,-67.8792,133.5765,-95.5323,194.601,2.7693,276.963,125.2773,218.6844,40.7217,35.8047,9.6762,122.5101,-60.4158,62.0232,-12.9123,12.3375,NA,NA,NA,NA,NA,NA,NA,NA,NA,NA,NA,NA,NA,NA,NA,NA,NA,NA,NA,NA,NA,NA,NA,NA,NA,NA,NA,"1900_02_TeamKJ_TeamB 196",NA,NA,NA,NA,NA,NA,NA,NA,NA,NA,NA,NA,NA,NA,35.1554688914826,"game_play",0,"LF",NA,NA,NA,NA,NA,"lf_field_x","lf_field_y",-95.5323,194.601,6,NA,-0.588899999999995,1.20420000000001,0
1473,52385,"1900_05_TeamKK_TeamB",26,1027375,18.0204,20.0397,NA,NA,45.1539,69.7197,19.365,142.9176,-64.4313,80.6079,-29.3631,136.6914,-114.789,224.1759,-5.2668,297.8373,80.7921,206.5665,44.988,31.4181,NA,NA,-60.9186,62.8074,NA,NA,74.9406,219.8727,0,NA,26,"RF","ball acquired","TeamB","TeamKK",NA,1,"Bottom",7119,3304,9545,4140,9752,6861,6279,6608,6188,1201,0,0,0,"TeamB","TeamKK","1900_05_TeamKK_TeamB 26",NA,NA,NA,NA,NA,NA,NA,NA,NA,NA,NA,NA,NA,NA,36.3572352030514,"game_play",0,"RF",NA,NA,NA,NA,NA,"rf_field_x","rf_field_y",80.7921,206.5665,6,14.5359901860864,0.719999999999999,1.47630000000001,0
1474,52386,"1900_05_TeamKK_TeamB",26,1027408,17.8233,19.3509,NA,NA,44.6211,69.4872,19.4379,142.8486,-64.374,80.3538,-29.1855,136.6521,-114.6966,223.8597,-5.2827,297.7275,80.5515,206.085,45.5259,31.9662,NA,NA,-60.9507,62.0082,NA,NA,NA,NA,NA,NA,NA,NA,NA,NA,NA,NA,NA,NA,NA,NA,NA,NA,NA,NA,NA,NA,NA,NA,NA,NA,NA,NA,NA,"1900_05_TeamKK_TeamB 26",NA,NA,NA,NA,NA,NA,NA,NA,NA,NA,NA,NA,NA,NA,35.6151781302579,"game_play",0,"RF",NA,NA,NA,NA,NA,"rf_field_x","rf_field_y",80.5515,206.085,6,NA,0.720299999999995,1.4598,0
1751,61836,"1900_05_TeamKK_TeamB",171,6537249,-13.2231,14.9031,-0.033,-0.5193,26.5695,58.9581,29.9706,173.9898,-51.117,66.3279,-9.3741,130.5243,-121.4565,205.0206,54.4203,325.7385,91.1286,314.7816,56.9694,50.6178,-9.6828,124.6026,-61.0011,62.6316,NA,NA,91.9992,311.856,0,NA,171,"RF","ball acquired","TeamB","TeamKK",NA,6,"Top",2098,1041,2196,1201,2653,2614,2488,2061,2279,9235,0,0,0,"TeamKK","TeamB","1900_05_TeamKK_TeamB 171",NA,NA,NA,NA,NA,NA,NA,NA,NA,NA,NA,NA,NA,NA,13.7726908481967,"game_play",0,"RF",NA,NA,NA,NA,NA,"rf_field_x","rf_field_y",91.1286,314.7816,6,3.05238918226365,0.509399999999999,-1.45620000000002,0
2034,67196,"1900_06_TeamKL_TeamB",55,1396956,-13.2114,27.2442,NA,NA,40.6428,72.5781,NA,NA,NA,NA,-27.3981,157.3902,-118.836,273.4716,-53.1876,304.3044,117.0303,243.0246,53.9097,44.6643,NA,NA,-60.8487,62.9304,NA,NA,-55.9488,289.5471,0,NA,NA,NA,NA,NA,NA,NA,NA,NA,NA,NA,NA,NA,NA,NA,NA,NA,NA,NA,NA,NA,NA,NA,NA,"1900_06_TeamKL_TeamB 55",NA,NA,NA,NA,NA,NA,NA,NA,NA,NA,NA,NA,NA,NA,20.4653719384721,"game_play",0,"CF",NA,NA,-56.0532,290.4714,0,"cf_field_x","cf_field_y",-53.1876,304.3044,6,15.0133983071788,1.8075,1.5249,0
2035,67197,"1900_06_TeamKL_TeamB",55,1396989,-13.4601,26.9286,NA,NA,40.5237,72.5166,NA,NA,NA,NA,-27.1572,157.5738,-118.5213,273.6252,-53.7924,303.792,116.8977,242.937,54.3741,45.5739,NA,NA,-60.7677,62.1183,NA,NA,-56.0532,290.4714,0,NA,NA,NA,NA,NA,NA,NA,NA,NA,NA,NA,NA,NA,NA,NA,NA,NA,NA,NA,NA,NA,NA,NA,NA,"1900_06_TeamKL_TeamB 55",NA,NA,NA,NA,NA,NA,NA,NA,NA,NA,NA,NA,NA,NA,19.444153671991,"game_play",0,"CF",NA,NA,-56.1495,291.3972,0,"cf_field_x","cf_field_y",-53.7924,303.792,6,13.5110917767588,1.8066,1.52880000000005,0
2289,75185,"1900_06_TeamKL_TeamB",166,5640191,-3.5892,19.296,1.3131,0.1503,48.9468,61.473,13.3395,161.8545,-67.8879,63.522,-10.8636,137.5749,-111.0984,212.8425,22.8096,241.8606,113.2431,236.8644,52.2891,39.6744,NA,NA,-60.5643,62.922,NA,NA,NA,NA,NA,NA,NA,NA,NA,NA,NA,NA,NA,NA,NA,NA,NA,NA,NA,NA,NA,NA,NA,NA,NA,NA,NA,NA,NA,"1900_06_TeamKL_TeamB 166",NA,NA,NA,NA,NA,NA,NA,NA,NA,NA,NA,NA,NA,NA,25.6672358108543,"game_play",0,"CF",NA,NA,NA,NA,NA,"cf_field_x","cf_field_y",22.8096,241.8606,6,NA,-0.2685,1.67429999999999,0
2290,75186,"1900_06_TeamKL_TeamB",166,5640224,-3.6714,18.6312,1.3176,0.2007,48.3444,61.4193,13.3179,161.8314,-67.8699,63.3963,-10.6284,137.3328,-110.9244,212.5896,22.8693,241.3041,113.0217,236.5083,52.8327,40.3284,NA,NA,-60.3591,62.1054,NA,NA,NA,NA,NA,NA,NA,NA,NA,NA,NA,NA,NA,NA,NA,NA,NA,NA,NA,NA,NA,NA,NA,NA,NA,NA,NA,NA,NA,"1900_06_TeamKL_TeamB 166",NA,NA,NA,NA,NA,NA,NA,NA,NA,NA,NA,NA,NA,NA,24.8470407865806,"game_play",0,"CF",NA,NA,NA,NA,NA,"cf_field_x","cf_field_y",22.8693,241.3041,6,NA,-0.223199999999999,1.6722,0
2500,97501,"1900_08_TeamKL_TeamB",161,5798450,4.7214,38.5194,NA,NA,60.4422,65.3748,-4.0263,128.1339,-57.5664,81.6603,-88.0791,134.1126,-130.6719,197.3109,-12.5562,284.3505,115.6617,222.5502,35.6445,32.0781,9.0816,121.2192,-61.0119,62.1918,NA,NA,-91.6878,126.6618,0.1137255,NA,NA,NA,NA,NA,NA,NA,NA,NA,NA,NA,NA,NA,NA,NA,NA,NA,NA,NA,NA,NA,NA,NA,NA,"1900_08_TeamKL_TeamB 161",NA,NA,NA,NA,NA,NA,NA,NA,NA,NA,NA,NA,NA,NA,41.2854366557991,"game_play",0,"SS",NA,NA,-92.337,126.7854,0.2778,"ss_field_x","ss_field_y",-88.0791,134.1126,6,8.27871586237864,2.2299,-0.0782999999999845,0
2927,100438,"1900_08_TeamKL_TeamB",219,8200759,12.6891,-2.0043,13.6734,8.886,58.9011,90.3681,0.6363,125.8689,-13.9302,61.2516,-67.8318,63.6102,-137.1588,177.7563,-11.463,270.2139,NA,NA,73.7871,52.0545,50.5848,79.4535,-61.953,62.8587,NA,NA,NA,NA,NA,NA,NA,NA,NA,NA,NA,NA,NA,NA,NA,NA,NA,NA,NA,NA,NA,NA,NA,NA,NA,NA,NA,NA,NA,"1900_08_TeamKL_TeamB 219",NA,NA,NA,NA,NA,NA,NA,NA,NA,NA,NA,NA,NA,NA,15.3676770092295,"game_play",0,"3B",NA,NA,NA,NA,NA,"3b_field_x","3b_field_y",-13.9302,61.2516,6,NA,0.335099999999999,0.179099999999998,0
2928,100439,"1900_08_TeamKL_TeamB",219,8200792,12.4485,-1.8894,13.464,8.8158,58.8069,90.3447,0.63,125.9109,-14.043,61.1862,-68.0571,63.723,-137.1606,177.0696,-11.5425,269.8902,NA,NA,73.8057,51.9375,50.2728,79.896,-62.0178,62.679,NA,NA,NA,NA,NA,NA,NA,NA,NA,NA,NA,NA,NA,NA,NA,NA,NA,NA,NA,NA,NA,NA,NA,NA,NA,NA,NA,NA,NA,"1900_08_TeamKL_TeamB 219",NA,NA,NA,NA,NA,NA,NA,NA,NA,NA,NA,NA,NA,NA,15.4642186592146,"game_play",0,"3B",NA,NA,NA,NA,NA,"3b_field_x","3b_field_y",-14.043,61.1862,6,NA,0.3369,0.187800000000003,0
2929,100440,"1900_08_TeamKL_TeamB",219,8200825,12.2109,-1.7787,13.254,8.7456,58.713,90.3192,0.6237,125.9523,-14.1567,61.1178,-68.2863,63.8379,-137.1348,176.3823,-11.6202,269.568,NA,NA,73.8237,51.8184,49.9482,80.3583,-62.0799,62.4957,NA,NA,NA,NA,NA,NA,NA,NA,NA,NA,NA,NA,NA,NA,NA,NA,NA,NA,NA,NA,NA,NA,NA,NA,NA,NA,NA,NA,NA,"1900_08_TeamKL_TeamB 219",NA,NA,NA,NA,NA,NA,NA,NA,NA,NA,NA,NA,NA,NA,15.5621547431582,"game_play",0,"3B",NA,NA,NA,NA,NA,"3b_field_x","3b_field_y",-14.1567,61.1178,6,NA,0.339,0.1965,0
2930,100441,"1900_08_TeamKL_TeamB",219,8200858,11.9685,-1.6686,13.0383,8.6733,58.6191,90.291,0.6171,125.9931,-14.271,61.0464,-68.5179,63.9543,-137.0937,175.7751,-11.6961,269.247,NA,NA,73.8414,51.6978,49.6122,80.838,-62.1381,62.3094,NA,NA,NA,NA,NA,NA,NA,NA,NA,NA,NA,NA,NA,NA,NA,NA,NA,NA,NA,NA,NA,NA,NA,NA,NA,NA,NA,NA,NA,"1900_08_TeamKL_TeamB 219",NA,NA,NA,NA,NA,NA,NA,NA,NA,NA,NA,NA,NA,NA,15.6612796028932,"game_play",0,"3B",NA,NA,NA,NA,NA,"3b_field_x","3b_field_y",-14.271,61.0464,6,NA,0.340800000000002,0.205200000000005,0
2931,100442,"1900_08_TeamKL_TeamB",219,8200891,11.7303,-1.5627,12.8301,8.6034,58.5252,90.2601,0.6105,126.0336,-14.3862,60.972,-68.7504,64.0707,-137.0442,175.1946,-11.7696,268.9272,NA,NA,73.8594,51.5751,49.2663,81.3327,-62.1918,62.1207,NA,NA,NA,NA,NA,NA,NA,NA,NA,NA,NA,NA,NA,NA,NA,NA,NA,NA,NA,NA,NA,NA,NA,NA,NA,NA,NA,NA,NA,"1900_08_TeamKL_TeamB 219",NA,NA,NA,NA,NA,NA,NA,NA,NA,NA,NA,NA,NA,NA,15.7624524858919,"game_play",0,"3B",NA,NA,NA,NA,NA,"3b_field_x","3b_field_y",-14.3862,60.972,6,NA,0.343200000000001,0.214199999999998,0
3168,106118,"1900_09_TeamKK_TeamB",57,1809833,33.3819,63.9156,0.2967,1.6869,60.729,65.1573,80.8155,140.7927,-69.5724,71.7885,-2.7693,131.1213,-113.5563,213.7371,-1.968,263.4198,101.0931,198.1734,NA,NA,NA,NA,-64.1451,62.8047,NA,NA,NA,NA,NA,NA,NA,NA,NA,NA,NA,NA,NA,NA,NA,NA,NA,NA,NA,NA,NA,NA,NA,NA,NA,NA,NA,NA,NA,"1900_09_TeamKK_TeamB 57",NA,NA,NA,NA,NA,NA,NA,NA,NA,NA,NA,NA,NA,NA,NA,"game_play",0,"2B",NA,NA,NA,NA,NA,"2b_field_x","2b_field_y",80.8155,140.7927,6,NA,-0.502200000000002,0.309600000000017,0
3169,106119,"1900_09_TeamKK_TeamB",57,1809866,33.5142,64.026,0.3672,1.6941,60.6801,65.1489,80.7648,140.4039,-69.5274,71.7198,-2.6484,130.9203,-113.4561,213.6087,-1.812,263.1684,101.001,197.6241,NA,NA,NA,NA,-64.0893,62.3556,NA,NA,NA,NA,NA,NA,NA,NA,NA,NA,NA,NA,NA,NA,NA,NA,NA,NA,NA,NA,NA,NA,NA,NA,NA,NA,NA,NA,NA,"1900_09_TeamKK_TeamB 57",NA,NA,NA,NA,NA,NA,NA,NA,NA,NA,NA,NA,NA,NA,NA,"game_play",0,"2B",NA,NA,NA,NA,NA,"2b_field_x","2b_field_y",80.7648,140.4039,6,NA,-0.2928,0.612300000000005,0
3589,110676,"1900_09_TeamKK_TeamB",130,4614738,-19.7583,24.4083,NA,NA,24.9264,88.7862,34.4409,181.5717,-70.599,66.8205,-3.0684,144.975,-124.8543,203.337,67.3359,367.335,86.2893,341.3031,61.8606,65.4018,-43.5246,110.328,-61.3887,62.2911,NA,NA,80.0235,375.63,0,NA,NA,NA,NA,NA,NA,NA,NA,NA,NA,NA,NA,NA,NA,NA,NA,NA,NA,NA,NA,NA,NA,NA,NA,"1900_09_TeamKK_TeamB 130",NA,NA,NA,NA,NA,NA,NA,NA,NA,NA,NA,NA,NA,NA,87.2987518559114,"game_play",0,"CF",NA,NA,80.1585,375.66,0,"cf_field_x","cf_field_y",67.3359,367.335,6,15.1585691527928,-0.725699999999989,-0.599699999999984,0
3799,122457,"1901_01_TeamLG_TeamA3",152,5056172,-2.7021,18.0627,2.5146,0.9813,28.3578,69.1353,34.8294,145.2351,-64.2561,75.7944,-30.9627,131.1645,-99.7791,233.5467,63.7365,302.5527,76.8834,243.9066,41.9121,32.2755,NA,NA,-60.4023,62.8182,NA,NA,NA,NA,NA,NA,NA,NA,NA,NA,NA,NA,NA,NA,NA,NA,NA,NA,NA,NA,NA,NA,NA,NA,NA,NA,NA,NA,NA,"1901_01_TeamLG_TeamA3 152",NA,NA,NA,NA,NA,NA,NA,NA,NA,NA,NA,NA,NA,NA,37.2651905490902,"game_play",0,"RF",NA,"fielder has it",NA,NA,NA,"rf_field_x","rf_field_y",76.8834,243.9066,6,NA,0.700800000000001,1.203,0
3962,133324,"1901_02_TeamLG_TeamA3",251,9568441,-15.2751,38.142,-0.2571,1.3509,41.274,71.0397,58.7112,143.2185,-64.9377,84.6783,-5.0478,137.0817,-118.0275,227.8191,34.1088,293.8194,93.7602,216.0783,46.2492,35.3775,NA,NA,-61.5852,62.019,NA,NA,NA,NA,NA,NA,NA,NA,NA,NA,NA,NA,NA,NA,NA,NA,NA,NA,NA,NA,NA,NA,NA,NA,NA,NA,NA,NA,NA,"1901_02_TeamLG_TeamA3 251",NA,NA,NA,NA,NA,NA,NA,NA,NA,NA,NA,NA,NA,NA,32.3046715954519,"game_play",0,"RF",NA,"fielder has it",NA,NA,NA,"rf_field_x","rf_field_y",93.7602,216.0783,6,NA,1.797,2.96369999999999,0
4123,134000,"1901_02_TeamLG_TeamA3",268,10361240,13.8015,52.6713,-0.105,-1.1163,43.8057,62.3019,47.0166,134.154,-66.8394,78.0072,5.9037,130.3662,-106.7643,217.6968,27.6594,283.6362,70.1484,219.0453,50.2425,45.1416,1.0413,125.7162,-62.6232,62.4204,NA,NA,69.444,217.395,-0.778899,NA,NA,NA,NA,NA,NA,NA,NA,NA,NA,NA,NA,NA,NA,NA,NA,NA,NA,NA,NA,NA,NA,NA,NA,"1901_02_TeamLG_TeamA3 268",NA,NA,NA,NA,NA,NA,NA,NA,NA,NA,NA,NA,NA,NA,21.9471241125119,"game_play",0,"RF",NA,"ground",69.9018,219.0498,-0.86478,"rf_field_x","rf_field_y",70.1484,219.0453,6,1.79434373797217,2.1408,1.7022,0
4344,153858,"1901_04_TeamLI_TeamA3",283,9423160,-11.5359,29.5965,0.3045,-5.1687,52.0713,86.1918,6.0843,149.1096,-64.8096,83.178,-42.4566,169.416,-108.3387,283.6293,-32.3328,337.5243,93.066,240.4995,52.6782,37.5657,2.7876,124.0554,-60.0324,62.4348,NA,NA,-61.8789,364.248,3.4782,NA,NA,NA,NA,NA,NA,NA,NA,NA,NA,NA,NA,NA,NA,NA,NA,NA,NA,NA,NA,NA,NA,NA,NA,"1901_04_TeamLI_TeamA3 283",NA,NA,NA,NA,NA,NA,NA,NA,NA,NA,NA,NA,NA,NA,27.4489193180715,"game_play",0,"CF",NA,"ground",-61.9236,366.921,4.2867,"cf_field_x","cf_field_y",-32.3328,337.5243,6,39.8387771762638,1.9878,-2.57729999999998,0
4813,161358,"1901_05_TeamLI_TeamA3",225,7619948,6.5142,47.1309,2.4063,-2.6607,39.4977,75.0525,-18.8172,158.9814,-68.5065,82.0176,-55.8867,145.8396,-111.2025,272.6283,-31.2288,348.6486,101.2773,253.6617,51.3534,35.7828,-3.312,126.8226,-60.39,62.8461,-25.1481,24.066,-86.2509,332.628,13.07028,NA,NA,NA,NA,NA,NA,NA,NA,NA,NA,NA,NA,NA,NA,NA,NA,NA,NA,NA,NA,NA,NA,NA,NA,"1901_05_TeamLI_TeamA3 225",NA,NA,NA,NA,NA,NA,NA,NA,NA,NA,NA,NA,NA,NA,29.6043791929505,"game_play",0,"CF",NA,"air",-86.9442,334.995,10.7976,"cf_field_x","cf_field_y",-31.2288,348.6486,6,57.3069900864633,2.3736,-1.85820000000001,1
5083,169768,"1901_06_TeamLI_TeamA3",106,3605831,-8.5041,24.0999,-0.2913,-2.8995,48.5904,97.6419,2.3178,130.6344,-50.397,63.9915,-64.1805,163.728,-109.5021,281.6127,-84.9942,277.239,103.2786,241.9356,61.1673,50.3169,NA,NA,-60.1209,62.5716,NA,NA,-96.3849,269.1972,-0.568806,NA,NA,NA,NA,NA,NA,NA,NA,NA,NA,NA,NA,NA,NA,NA,NA,NA,NA,NA,NA,NA,NA,NA,NA,"1901_06_TeamLI_TeamA3 106",NA,NA,NA,NA,NA,NA,NA,NA,NA,NA,NA,NA,NA,NA,12.8148279309556,"game_play",0,"CF",NA,"ground",-95.3529,268.9191,-0.62961,"cf_field_x","cf_field_y",-84.9942,277.239,6,13.9434068193537,1.61580000000001,2.3775,0
5265,174929,"1901_07_TeamLK_TeamB",23,709153,31.8255,51.9822,-0.2613,-2.1612,76.4217,73.137,40.4655,146.445,-76.8696,90.0513,-22.2096,140.3253,-152.7243,247.1313,-6.4011,307.9254,183.5391,215.742,49.1586,38.496,-5.5938,126.7011,-61.7469,62.6274,NA,NA,173.6529,170.3712,0.446733,NA,NA,NA,NA,NA,NA,NA,NA,NA,NA,NA,NA,NA,NA,NA,NA,NA,NA,NA,NA,NA,NA,NA,NA,"1901_07_TeamLK_TeamB 23",NA,NA,NA,NA,NA,NA,NA,NA,NA,NA,NA,NA,NA,NA,28.143034128537,"game_play",0,"RF",NA,"ground",175.0986,171.5004,0.460887,"rf_field_x","rf_field_y",183.5391,215.742,6,46.4354007528739,-3.56879999999998,1.81710000000001,0
5498,177531,"1901_07_TeamLK_TeamB",101,3441001,11.5776,45.4809,-0.831,-0.0975,108.1509,104.8776,96.5991,140.5233,-73.8396,82.7268,-13.2057,143.4432,-148.8576,243.2208,29.0772,292.416,144.4032,177.6366,48.7575,36.3258,-3.2706,127.1436,-62.0928,62.7447,NA,NA,127.6887,131.2935,-0.352563,NA,NA,NA,NA,NA,NA,NA,NA,NA,NA,NA,NA,NA,NA,NA,NA,NA,NA,NA,NA,NA,NA,NA,NA,"1901_07_TeamLK_TeamB 101",NA,NA,NA,NA,NA,NA,NA,NA,NA,NA,NA,NA,NA,NA,30.2384151682921,"game_play",0,"RF",NA,"ground",128.4423,131.9421,-0.331248,"rf_field_x","rf_field_y",144.4032,177.6366,6,49.2651745948393,-0.195599999999985,4.00230000000002,0
5682,194827,"1901_09_TeamLK_TeamB",68,2642483,-3.8442,10.92,0.927,3.7815,19.1508,85.5624,17.3142,149.7834,-71.1372,80.9655,-37.5945,123.2307,-113.8632,267.1443,17.1354,258.0825,83.4465,287.5182,49.3698,34.3359,3.6615,127.5162,-62.43,62.7021,NA,NA,NA,NA,NA,NA,NA,NA,NA,NA,NA,NA,NA,NA,NA,NA,NA,NA,NA,NA,NA,NA,NA,NA,NA,NA,NA,NA,NA,"1901_09_TeamLK_TeamB 68",NA,NA,NA,NA,NA,NA,NA,NA,NA,NA,NA,NA,NA,NA,31.7397697037959,"game_play",0,"CF",NA,"fielder has it",NA,NA,NA,"cf_field_x","cf_field_y",17.1354,258.0825,6,NA,0.320999999999998,3.11340000000001,0
5839,200680,"1901_09_TeamLK_TeamB",268,9960176,10.4652,33.0417,1.1496,-2.3127,31.8051,81.8439,15.8745,134.55,-67.4757,97.7967,-25.2954,140.3991,-120.6246,265.5501,-24.807,265.1211,100.2492,266.8764,39.2871,28.4952,7.1427,126.4269,-60.0615,62.6109,-19.6578,17.1621,-27.6012,302.415,-0.8133,NA,269,"Ball event","ball bounce","TeamB","TeamLK",NA,9,"Top",1516,1041,1334,1650,2818,1748,2227,1450,1657,5933,6607,7830,0,"TeamLK","TeamB","1901_09_TeamLK_TeamB 268",NA,NA,NA,NA,NA,NA,NA,NA,NA,NA,NA,NA,NA,NA,41.8674437892977,"game_play",0,"LF",NA,"ground",-27.78369,303.063,-0.806289,"lf_field_x","lf_field_y",-120.6246,265.5501,6,100.061849870817,-1.6794,-1.90799999999996,0
6105,210847,"1901_11_TeamLJ_TeamB",19,463946,4.2693,47.0484,1.4514,2.2338,51.7905,74.3556,87.6336,168.8751,-66.3186,73.0032,-8.7567,139.7682,-120.4476,249.573,14.7021,307.5795,143.4198,224.9874,41.4546,33.7779,NA,NA,-62.8074,62.6955,NA,NA,144.4581,228.2058,-0.3036,NA,NA,NA,NA,NA,NA,NA,NA,NA,NA,NA,NA,NA,NA,NA,NA,NA,NA,NA,NA,NA,NA,NA,NA,"1901_11_TeamLJ_TeamB 19",NA,NA,NA,NA,NA,NA,NA,NA,NA,NA,NA,NA,NA,NA,36.3061343242433,"game_play",0,"RF",NA,"ground",144.1071,228.0282,-0.3312,"rf_field_x","rf_field_y",143.4198,224.9874,6,3.3817400033119,1.29149999999998,1.25069999999999,0
6284,223859,"1901_12_TeamLJ_TeamB",110,3745493,49.0809,58.6986,5.94,2.3046,56.7486,113.4528,75.4821,144.4251,-65.55,76.9176,1.0221,128.7828,-125.4972,258.7839,11.244,314.3457,109.1904,209.4603,48.3063,50.5713,14.5437,115.5258,-61.3998,62.7267,NA,NA,48.3687,67.0527,0.0459546,NA,NA,NA,NA,NA,NA,NA,NA,NA,NA,NA,NA,NA,NA,NA,NA,NA,NA,NA,NA,NA,NA,NA,NA,"1901_12_TeamLJ_TeamB 110",NA,NA,NA,NA,NA,NA,NA,NA,NA,NA,NA,NA,NA,NA,19.2451916950702,"game_play",0,"just ball",NA,"fielder has it",47.7777,63.6585,0.0514227,NA,NA,NA,NA,6,NA,NA,NA,0
6568,224741,"1901_12_TeamLJ_TeamB",128,4368843,1.641,41.595,-0.4548,-2.5605,37.8669,80.6058,3.2229,141.7407,-72.4062,94.7688,-43.6437,155.013,-124.4409,327.3879,-35.2137,315.1143,122.0145,218.2872,50.9151,46.8915,-12.0321,122.9097,-60.7821,62.0418,NA,NA,-117.2892,323.292,43.1466,NA,NA,NA,NA,NA,NA,NA,NA,NA,NA,NA,NA,NA,NA,NA,NA,NA,NA,NA,NA,NA,NA,NA,NA,"1901_12_TeamLJ_TeamB 128",NA,NA,NA,NA,NA,NA,NA,NA,NA,NA,NA,NA,NA,NA,20.1377401974502,"game_play",0,"LF",NA,"air",-117.9864,325.182,40.6572,"lf_field_x","lf_field_y",-124.4409,327.3879,6,8.24155384014449,0.210599999999999,-2.74650000000003,0
6846,227277,"1901_12_TeamLJ_TeamB",194,6672641,4.3014,35.0751,-0.5982,4.1868,45.0162,77.3994,5.5605,140.5308,-68.3283,85.0176,-29.7222,131.8557,-128.2161,255.3633,8.6442,274.2717,93.612,282.7821,38.322,29.0802,NA,NA,-61.0665,62.7285,-11.4402,10.5192,9.53109,243.8952,-0.667431,NA,NA,NA,NA,NA,NA,NA,NA,NA,NA,NA,NA,NA,NA,NA,NA,NA,NA,NA,NA,NA,NA,NA,NA,"1901_12_TeamLJ_TeamB 194",NA,NA,NA,NA,NA,NA,NA,NA,NA,NA,NA,NA,NA,NA,41.9470680267406,"game_play",0,"CF",NA,"ground",9.74316,245.3709,-0.669336,"cf_field_x","cf_field_y",8.6442,274.2717,6,30.3894443207193,-0.5334,2.91539999999998,0
7057,230748,"1901_13_TeamLL_TeamB",21,684075,4.6437,31.3428,0.1848,2.1333,44.8092,82.11,-35.8857,150.6927,-66.7815,70.8594,-73.1484,170.8767,-131.1441,328.6137,-89.9178,341.1537,99.846,246.1911,62.0634,65.8146,-35.379,118.5342,-61.7475,62.9757,NA,NA,-135.9639,342.549,-0.402429,NA,NA,NA,NA,NA,NA,NA,NA,NA,NA,NA,NA,NA,NA,NA,NA,NA,NA,NA,NA,NA,NA,NA,NA,"1901_13_TeamLL_TeamB 21",NA,NA,NA,NA,NA,NA,NA,NA,NA,NA,NA,NA,NA,NA,87.1522735946688,"game_play",0,"LF",NA,"ground",-135.699,342.501,-0.368892,"lf_field_x","lf_field_y",-131.1441,328.6137,6,14.745272399315,0.275700000000001,-2.48430000000002,0
7283,234331,"1901_13_TeamLL_TeamB",145,4605921,1.9551,25.8885,-1.1694,-0.2535,41.7147,60.4998,2.7951,127.7217,-30.696,61.4097,-79.3341,112.9107,-98.1624,199.9335,-59.5323,272.211,106.8558,244.3398,56.2536,50.5644,NA,NA,-62.2473,62.6286,NA,NA,-89.5035,188.4345,0,NA,NA,NA,NA,NA,NA,NA,NA,NA,NA,NA,NA,NA,NA,NA,NA,NA,NA,NA,NA,NA,NA,NA,NA,"1901_13_TeamLL_TeamB 145",NA,NA,NA,NA,NA,NA,NA,NA,NA,NA,NA,NA,NA,NA,14.1477227962665,"game_play",0,"LF",NA,"ground",-90.354,189.0672,0,"lf_field_x","lf_field_y",-98.1624,199.9335,6,14.3945666905954,-1.4418,2.87129999999999,0
7469,234659,"1901_13_TeamLL_TeamB",148,4713321,-0.2694,33.5733,1.1502,-2.082,57.8445,92.9022,63.303,128.4744,-64.9413,69.2559,-5.2917,130.2132,-127.8369,243.2466,17.4993,299.9115,130.9989,210.6654,44.6748,35.5356,NA,NA,-62.3871,62.2932,NA,NA,123.0378,199.3764,0,NA,NA,NA,NA,NA,NA,NA,NA,NA,NA,NA,NA,NA,NA,NA,NA,NA,NA,NA,NA,NA,NA,NA,NA,"1901_13_TeamLL_TeamB 148",NA,NA,NA,NA,NA,NA,NA,NA,NA,NA,NA,NA,NA,NA,33.0167566911107,"game_play",0,"RF",NA,"ground",124.0149,201.0429,0,"rf_field_x","rf_field_y",130.9989,210.6654,6,13.8137842103458,0.52170000000001,2.5419,0
7789,260984,"1901_16_TeamLH_TeamA3",145,5011122,-0.4653,19.2963,-7.9992,6.6192,50.8737,82.5003,3.0066,130.6755,-37.947,93.0069,-61.8054,107.1627,-131.244,206.7648,-23.6217,296.061,111.4836,237.4377,49.7319,33.5796,NA,NA,-59.6268,62.9391,NA,NA,NA,NA,NA,NA,NA,NA,NA,NA,NA,NA,NA,NA,NA,NA,NA,NA,NA,NA,NA,NA,NA,NA,NA,NA,NA,NA,NA,"1901_16_TeamLH_TeamA3 145",NA,NA,NA,NA,NA,NA,NA,NA,NA,NA,NA,NA,NA,NA,32.2738658014499,"game_play",0,"LF",NA,"fielder has it",NA,NA,NA,"lf_field_x","lf_field_y",-131.244,206.7648,6,NA,-0.627600000000001,1.935,0
7982,263686,"1901_16_TeamLH_TeamA3",234,8154069,-1.2024,52.41,-0.6675,-8.0175,44.3346,82.1193,3.8046,133.5156,-62.0061,80.6553,-64.6635,193.0569,-85.6314,217.4022,-43.7391,288.8202,85.9812,237.6054,43.3746,29.6379,5.7225,122.7828,-60.1476,62.1402,NA,NA,-63.6222,184.9644,31.8072,NA,NA,NA,NA,NA,NA,NA,NA,NA,NA,NA,NA,NA,NA,NA,NA,NA,NA,NA,NA,NA,NA,NA,NA,"1901_16_TeamLH_TeamA3 234",NA,NA,NA,NA,NA,NA,NA,NA,NA,NA,NA,NA,NA,NA,38.7064082752456,"game_play",0,"SS",NA,"air",-64.206,186.8496,29.64459,"ss_field_x","ss_field_y",-64.6635,193.0569,6,8.1592194442851,1.284,-2.8905,0
8306,269624,"1901_17_TeamLH_TeamA3",76,2265888,-12.8499,38.1234,-0.6906,-4.8588,30.9942,93.0228,15.9783,207.3216,-63.8019,83.6157,-8.5293,183.1734,-117.2451,238.0497,44.1048,380.0661,57.4596,361.773,30.6051,116.6823,NA,NA,-61.4187,62.3484,NA,NA,45.7443,393.405,4.14906,NA,NA,NA,NA,NA,NA,NA,NA,NA,NA,NA,NA,NA,NA,NA,NA,NA,NA,NA,NA,NA,NA,NA,NA,"1901_17_TeamLH_TeamA3 76",NA,NA,NA,NA,NA,NA,NA,NA,NA,NA,NA,NA,NA,NA,32.2974779092734,"game_play",0,"CF",NA,"ground",45.7935,393.102,3.8967,"cf_field_x","cf_field_y",44.1048,380.0661,6,13.4392787552011,-0.737699999999997,-2.7276,0
8814,273004,"1901_17_TeamLH_TeamA3",168,5498235,4.0374,39.8388,-0.0891,-5.5455,27.195,119.6565,24.3396,187.9218,-71.6163,69.9177,-4.0965,143.9328,-105.3735,218.8617,65.7888,357.363,43.8933,327.969,51.2307,87.3882,-34.9848,108.3159,-60.246,62.328,NA,NA,40.6443,295.9899,12.10512,NA,NA,NA,NA,NA,NA,NA,NA,NA,NA,NA,NA,NA,NA,NA,NA,NA,NA,NA,NA,NA,NA,NA,NA,"1901_17_TeamLH_TeamA3 168",NA,NA,NA,NA,NA,NA,NA,NA,NA,NA,NA,NA,NA,NA,64.7586235317738,"game_play",0,"just ball",NA,"fielder has it",39.1761,291.312,12.32097,NA,NA,NA,NA,6,NA,NA,NA,0
8996,275451,"1901_17_TeamLH_TeamA3",243,8321782,3.054,46.3389,1.0857,-1.9215,31.4244,62.2587,4.1343,129.6849,-70.0404,70.8798,-8.9052,148.8723,-83.0523,247.8216,-25.4442,254.2629,118.545,225.3255,49.9947,36.3825,NA,NA,-61.1166,62.1165,NA,NA,-25.7136,248.8305,-0.549147,NA,NA,NA,NA,NA,NA,NA,NA,NA,NA,NA,NA,NA,NA,NA,NA,NA,NA,NA,NA,NA,NA,NA,NA,"1901_17_TeamLH_TeamA3 243",NA,NA,NA,NA,NA,NA,NA,NA,NA,NA,NA,NA,NA,NA,29.6248060641753,"game_play",0,"CF",NA,"ground",-25.93038,250.4607,-0.540606,"cf_field_x","cf_field_y",-25.4442,254.2629,6,5.4390758516498,0.272399999999998,2.87970000000001,0
9181,279328,"1901_18_TeamLH_TeamA3",21,624053,6.3789,30.1857,0.0702,-0.4464,41.9574,61.9137,-25.7529,155.94,-71.0205,78.7386,-29.5164,133.1019,-106.7079,244.2771,-3.375,261.069,107.0655,238.7901,41.7741,30.198,NA,NA,-62.814,62.3256,NA,NA,-5.17044,242.2521,0,NA,NA,NA,NA,NA,NA,NA,NA,NA,NA,NA,NA,NA,NA,NA,NA,NA,NA,NA,NA,NA,NA,NA,NA,"1901_18_TeamLH_TeamA3 21",NA,NA,NA,NA,NA,NA,NA,NA,NA,NA,NA,NA,NA,NA,39.0705776103963,"game_play",0,"CF",NA,"ground",-5.16318,244.2405,0,"cf_field_x","cf_field_y",-3.375,261.069,6,18.9023630904604,0.6459,3.2439,0
9353,283531,"1901_18_TeamLH_TeamA3",127,4192299,-3.0225,28.9506,-0.1074,-3.1185,58.5141,76.3476,70.8555,152.6802,-56.1042,100.5213,-5.9817,138.348,-101.0067,248.2833,13.2687,307.9884,113.3682,209.0772,36.9126,27.8619,NA,NA,-61.3218,62.4204,NA,NA,84.6096,158.4432,-0.582912,NA,NA,NA,NA,NA,NA,NA,NA,NA,NA,NA,NA,NA,NA,NA,NA,NA,NA,NA,NA,NA,NA,NA,NA,"1901_18_TeamLH_TeamA3 127",NA,NA,NA,NA,NA,NA,NA,NA,NA,NA,NA,NA,NA,NA,43.7634380547278,"game_play",0,"2B",NA,"ground",84.9708,158.7231,-0.592557,"2b_field_x","2b_field_y",70.8555,152.6802,6,14.9126602526176,-0.712500000000006,-0.877200000000016,0
9558,283908,"1901_18_TeamLH_TeamA3",132,4343449,-9.2808,16.9062,-3.0495,-0.27,27.8724,65.634,4.3971,130.437,-67.845,71.8164,-18.864,146.2626,-79.3758,259.2606,-24.9414,257.7711,97.8987,230.1114,59.262,51.4899,-21.7143,124.8861,-61.1688,62.0517,NA,NA,-24.90657,248.3808,-0.664296,NA,NA,NA,NA,NA,NA,NA,NA,NA,NA,NA,NA,NA,NA,NA,NA,NA,NA,NA,NA,NA,NA,NA,NA,"1901_18_TeamLH_TeamA3 132",NA,NA,NA,NA,NA,NA,NA,NA,NA,NA,NA,NA,NA,NA,12.1018612622191,"game_play",0,"CF",NA,"ground",-25.12104,249.9297,-0.731805,"cf_field_x","cf_field_y",-24.9414,257.7711,6,9.39036459456713,0.540600000000001,2.94209999999998,0
9743,286276,"1901_18_TeamLH_TeamA3",211,6981497,-5.7114,39.15,0.078,-2.3898,55.6962,61.0836,8.2254,138.3963,-61.9239,107.8608,-81.4707,120.6618,-82.4676,197.37,-23.9316,295.7469,104.9295,233.64,53.3301,50.4201,NA,NA,-62.9472,62.8569,NA,NA,NA,NA,NA,NA,NA,NA,NA,NA,NA,NA,NA,NA,NA,NA,NA,NA,NA,NA,NA,NA,NA,NA,NA,NA,NA,NA,NA,"1901_18_TeamLH_TeamA3 211",NA,NA,NA,NA,NA,NA,NA,NA,NA,NA,NA,NA,NA,NA,15.866973562088,"game_play",0,"LF",NA,"fielder has it",NA,NA,NA,"lf_field_x","lf_field_y",-82.4676,197.37,6,NA,-2.0073,1.983,0
9979,292195,"1902_01_TeamMG_TeamA3",75,2253743,8.4696,23.5224,2.3667,0.8169,69.4389,69.8496,89.3832,160.8276,-29.4681,59.8842,-0.2325,136.6326,-89.6481,209.5971,-24.1566,295.4454,116.484,257.5833,57.1722,39.1575,NA,NA,-61.9554,62.8572,NA,NA,NA,NA,NA,NA,NA,NA,NA,NA,NA,NA,NA,NA,NA,NA,NA,NA,NA,NA,NA,NA,NA,NA,NA,NA,NA,NA,NA,"1902_01_TeamMG_TeamA3 75",NA,NA,NA,NA,NA,NA,NA,NA,NA,NA,NA,NA,NA,NA,24.5444099356656,"game_play",0,"LF",NA,"fielder has it",NA,NA,NA,"lf_field_x","lf_field_y",-89.6481,209.5971,6,NA,-1.3233,0.89009999999999,0
10202,293978,"1902_01_TeamMG_TeamA3",133,4127643,6.6078,42.9864,-0.201,3.6921,33.4683,67.7715,21.2241,119.4504,-70.3557,70.4037,-9.954,145.5105,-85.4655,249.0228,-31.4694,262.5483,111.4014,249.8838,49.5672,36.5331,8.13,123.1863,-60.4239,62.0127,NA,NA,NA,NA,NA,NA,NA,NA,NA,NA,NA,NA,NA,NA,NA,NA,NA,NA,NA,NA,NA,NA,NA,NA,NA,NA,NA,NA,NA,"1902_01_TeamMG_TeamA3 133",NA,NA,NA,NA,NA,NA,NA,NA,NA,NA,NA,NA,NA,NA,29.6805813866575,"game_play",0,"CF",NA,"fielder has it",NA,NA,NA,"cf_field_x","cf_field_y",-31.4694,262.5483,6,NA,0.116399999999999,1.76640000000003,0
10365,294200,"1902_01_TeamMG_TeamA3",135,4209543,0.1017,49.4742,-0.9486,-4.2327,43.0476,78.4083,10.1373,106.7556,-64.0821,52.9389,-64.8096,117.069,-181.6527,217.9377,-17.0913,284.5032,127.5393,221.7402,54.5781,44.5506,NA,NA,-61.1058,62.0556,-5.2929,5.94,-182.5704,191.718,-0.724182,NA,NA,NA,NA,NA,NA,NA,NA,NA,NA,NA,NA,NA,NA,NA,NA,NA,NA,NA,NA,NA,NA,NA,NA,"1902_01_TeamMG_TeamA3 135",NA,NA,NA,NA,NA,NA,NA,NA,NA,NA,NA,NA,NA,NA,20.2807485061573,"game_play",0,"LF",NA,"ground",-183.7668,192.7143,-0.715254,"lf_field_x","lf_field_y",-181.6527,217.9377,6,26.2357550182952,3.345,-0.398400000000009,0
10615,296073,"1902_01_TeamMG_TeamA3",184,5826593,-7.0179,44.5749,-0.4113,-6.1962,47.7402,71.9331,12.1497,146.9901,-79.9281,79.9161,-61.3611,134.3484,-173.9886,224.6682,-14.4459,289.2237,126.7083,214.8939,50.7984,39.9021,NA,NA,-61.0062,62.6748,NA,NA,-202.8015,196.7895,-0.380652,NA,NA,NA,NA,NA,NA,NA,NA,NA,NA,NA,NA,NA,NA,NA,NA,NA,NA,NA,NA,NA,NA,NA,NA,"1902_01_TeamMG_TeamA3 184",NA,NA,NA,NA,NA,NA,NA,NA,NA,NA,NA,NA,NA,NA,26.1226343803606,"game_play",0,"LF",NA,"ground",-204.5811,198.2685,-0.365457,"lf_field_x","lf_field_y",-173.9886,224.6682,6,40.0924571471992,3.1551,0.922499999999985,0
10857,302870,"1902_02_TeamMG_TeamA3",114,3886919,-1.0536,51.3252,0.3501,-5.5368,59.3364,71.0607,14.1087,140.8401,-84.243,72.8856,-68.3637,138.1308,-149.8296,233.2488,-9.4011,301.7481,112.8657,216.3048,30.7494,21.0288,9.4524,123.552,-60.8328,62.9739,-31.7178,26.7051,-160.9497,167.739,-0.951339,NA,NA,NA,NA,NA,NA,NA,NA,NA,NA,NA,NA,NA,NA,NA,NA,NA,NA,NA,NA,NA,NA,NA,NA,"1902_02_TeamMG_TeamA3 114",NA,NA,NA,NA,NA,NA,NA,NA,NA,NA,NA,NA,NA,NA,52.9309250797679,"game_play",0,"LF",NA,"ground",-162.771,169.3779,-0.963681,"lf_field_x","lf_field_y",-149.8296,233.2488,6,66.4469000033109,3.13890000000001,1.21470000000002,1
11147,303721,"1902_02_TeamMG_TeamA3",140,4961669,6.8532,29.6061,-0.9099,1.2654,55.3509,87.5628,9.7131,133.0692,-42.7596,64.4106,-65.0283,118.3215,-97.4703,238.1073,-7.5486,312.069,121.4934,238.1268,38.6976,28.9137,20.5566,113.9553,-59.2818,62.1423,NA,NA,-95.9727,234.9738,-0.0567,NA,NA,NA,NA,NA,NA,NA,NA,NA,NA,NA,NA,NA,NA,NA,NA,NA,NA,NA,NA,NA,NA,NA,NA,"1902_02_TeamMG_TeamA3 140",NA,NA,NA,NA,NA,NA,NA,NA,NA,NA,NA,NA,NA,NA,41.8626622833522,"game_play",0,"LF",NA,"ground",-96.6924,236.3703,0,"lf_field_x","lf_field_y",-97.4703,238.1073,6,3.47298546066637,-1.0356,2.1294,0
11304,304110,"1902_02_TeamMG_TeamA3",159,5467819,9.7128,33.6687,1.2165,2.9787,54.6393,58.7463,1.2549,130.9461,-42.4872,61.8384,-82.1946,111.3609,-98.1468,204.1449,-12.4095,309.1353,123.8172,223.7532,46.5801,32.8755,6.3633,123.7647,-60.1899,62.6925,-12.8172,11.8023,NA,NA,NA,NA,NA,NA,NA,NA,NA,NA,NA,NA,NA,NA,NA,NA,NA,NA,NA,NA,NA,NA,NA,NA,NA,NA,NA,"1902_02_TeamMG_TeamA3 159",NA,NA,NA,NA,NA,NA,NA,NA,NA,NA,NA,NA,NA,NA,34.3088708100398,"game_play",0,"LF",NA,"fielder has it",NA,NA,NA,"lf_field_x","lf_field_y",-98.1468,204.1449,6,NA,-1.209,1.87350000000001,0
11471,307217,"1902_02_TeamMG_TeamA3",266,9044169,3.1212,51.1233,-0.321,-4.5468,67.4715,82.0974,78.4431,144.8097,-62.0847,81.8232,-13.5159,132.7314,-95.6571,235.9803,32.8338,275.8464,199.434,219.8469,57.7053,56.2926,-13.9194,125.3163,-60.3021,62.1738,NA,NA,214.2921,225.5268,-1.262919,61,266,"Ball event","ball bounce","TeamA3","TeamMG",61,6,"Top",1071,2006,2240,1628,1119,2190,2044,2141,1684,4075,0,0,3036,"TeamMG","TeamA3","1902_02_TeamMG_TeamA3 266",NA,NA,NA,NA,NA,NA,NA,NA,NA,NA,NA,NA,NA,NA,8.54535328994653,"game_play",0,"RF",NA,"ground",215.3328,227.418,-0.566052,"rf_field_x","rf_field_y",199.434,219.8469,6,15.9067406975785,-4.01159999999999,-1.4091,0
11716,316209,"1902_03_TeamMG_TeamA3",160,5279096,2.6448,38.8776,NA,NA,34.9818,64.8009,41.8251,125.9244,-60.069,81.0648,40.815,164.9109,-108.0882,259.4406,16.0722,264.0462,103.5828,260.2905,47.8854,39.8328,NA,NA,-62.2785,62.0823,NA,NA,15.2136,264.7809,-1.085061,43,160,"CF","ball acquired","TeamA3","TeamMG",43,5,"Bottom",4365,3906,8917,8988,8033,9941,3036,5633,7652,2071,2240,0,0,"TeamA3","TeamMG","1902_03_TeamMG_TeamA3 160",NA,NA,NA,NA,NA,NA,NA,NA,NA,NA,NA,NA,NA,NA,27.6617116064787,"game_play",0,"CF",NA,"fielder has it",NA,NA,NA,"cf_field_x","cf_field_y",16.0722,264.0462,6,1.13003453487049,0.054000000000002,1.18259999999998,0
11884,318178,"1902_03_TeamMG_TeamA3",207,7374896,-11.6175,42.8817,0.9366,1.3554,52.4391,65.6346,5.2917,149.4021,-84.1455,73.1418,-71.5632,130.0587,-154.9833,234.2346,-17.7063,295.899,130.8648,246.1677,54.4338,46.245,NA,NA,-60.7716,62.4849,-18.5658,17.5113,-221.8521,211.5747,-1.517217,NA,NA,NA,NA,NA,NA,NA,NA,NA,NA,NA,NA,NA,NA,NA,NA,NA,NA,NA,NA,NA,NA,NA,NA,"1902_03_TeamMG_TeamA3 207",NA,NA,NA,NA,NA,NA,NA,NA,NA,NA,NA,NA,NA,NA,18.8178055957649,"game_play",0,"LF",NA,"ground",-221.1441,211.161,-1.197462,"lf_field_x","lf_field_y",-154.9833,234.2346,6,70.6038772409136,2.79090000000002,1.4907,0
12086,320303,"1902_03_TeamMG_TeamA3",264,9511846,3.5493,38.6946,0.0015,2.1006,39.2472,78.4161,1.176,190.2714,-66.5997,61.7508,-12.2349,197.9034,-43.4466,257.0127,-5.9607,246.8748,90.3228,250.6299,47.8251,40.0584,-2.9052,125.0559,-61.0788,62.9163,NA,NA,-10.98981,211.833,1.840743,NA,NA,NA,NA,NA,NA,NA,NA,NA,NA,NA,NA,NA,NA,NA,NA,NA,NA,NA,NA,NA,NA,NA,NA,"1902_03_TeamMG_TeamA3 264",NA,NA,NA,NA,NA,NA,NA,NA,NA,NA,NA,NA,NA,NA,27.5062647513253,"game_play",0,"CF",NA,"ground",-11.01678,212.583,1.539834,"cf_field_x","cf_field_y",-5.9607,246.8748,6,35.4008431344806,1.2135,3.19650000000001,0
12354,324925,"1902_04_TeamML_TeamB",91,2680384,-8.3862,34.0077,2.0862,4.875,49.0032,65.1177,22.3278,137.3508,-63.2706,90.2574,-5.0349,131.2977,-124.3317,241.4847,22.1784,305.0316,159.9924,187.9149,54.2319,36.8787,1.0695,125.235,-61.3902,62.823,-12.4542,10.5201,157.0506,181.1067,-0.6192,NA,NA,NA,NA,NA,NA,NA,NA,NA,NA,NA,NA,NA,NA,NA,NA,NA,NA,NA,NA,NA,NA,NA,NA,"1902_04_TeamML_TeamB 91",NA,NA,NA,NA,NA,NA,NA,NA,NA,NA,NA,NA,NA,NA,27.5536184792488,"game_play",0,"RF",NA,"ground",157.8804,181.6698,-0.6243,"rf_field_x","rf_field_y",159.9924,187.9149,6,7.41658779223977,0.695400000000006,3.2715,0
12755,332522,"1902_04_TeamML_TeamB",279,9284134,6.8598,28.116,-2.2188,4.5903,53.3019,89.1834,11.2005,134.5281,-41.226,67.893,-65.0073,99.1278,-128.97,217.8042,-44.4933,301.1331,120.2319,245.3919,36.123,28.8528,13.9314,119.4339,-60.3153,62.9331,NA,NA,-122.8164,207.819,0.474684,NA,NA,NA,NA,NA,NA,NA,NA,NA,NA,NA,NA,NA,NA,NA,NA,NA,NA,NA,NA,NA,NA,NA,NA,"1902_04_TeamML_TeamB 279",NA,NA,NA,NA,NA,NA,NA,NA,NA,NA,NA,NA,NA,NA,43.455775183973,"game_play",0,"LF",NA,"ground",-123.8172,208.4325,0.2907603,"lf_field_x","lf_field_y",-128.97,217.8042,6,11.7290669705651,-1.2627,1.9161,0
12934,337619,"1902_05_TeamML_TeamB",104,10838479,3.5064,60.645,-0.1971,3.3093,61.9584,65.5719,2.0259,128.6715,-66.99,69.489,-9.4233,144.4665,-139.137,236.0103,-5.8509,277.2045,107.4735,247.9488,52.7415,53.2065,4.0119,122.7186,-64.4097,62.6418,NA,NA,62.5383,70.3899,-0.460935,NA,NA,NA,NA,NA,NA,NA,NA,NA,NA,NA,NA,NA,NA,NA,NA,NA,NA,NA,NA,NA,NA,NA,NA,"1902_05_TeamML_TeamB 104",NA,NA,NA,NA,NA,NA,NA,NA,NA,NA,NA,NA,NA,NA,14.1827171056889,"game_play",0,"just ball",NA,"fielder has it",65.3946,67.6497,-1.522668,NA,NA,NA,NA,6,NA,NA,NA,0
13119,340151,"1902_05_TeamML_TeamB",186,13902329,-33,49.3209,0.9984,-3.4233,57.7428,83.6637,55.2747,179.1414,-61.5057,86.6826,-4.9539,136.0758,-119.0766,251.1396,83.2599,335.7147,118.497,307.1931,54.2433,43.8699,-1.3524,124.6095,-60.6612,62.6079,NA,NA,122.1609,316.485,-0.505485,NA,NA,NA,NA,NA,NA,NA,NA,NA,NA,NA,NA,NA,NA,NA,NA,NA,NA,NA,NA,NA,NA,NA,NA,"1902_05_TeamML_TeamB 186",NA,NA,NA,NA,NA,NA,NA,NA,NA,NA,NA,NA,NA,NA,21.0390237629981,"game_play",0,"RF",NA,"ground",122.4303,317.655,-0.501333,"rf_field_x","rf_field_y",118.497,307.1931,6,9.98817144526464,0.158100000000005,-1.9092,0
13359,342657,"1902_05_TeamML_TeamB",254,16273979,-14.5044,23.6979,-1.4364,-2.3115,29.0571,80.5035,11.1042,142.6416,-60.3435,87.3333,36.5379,152.5062,-125.067,210.0672,54.7302,323.8074,68.2164,303.951,60.4137,57.3561,-6.3516,123.8832,-59.2656,62.5137,-1.7058,2.9298,63.3981,301.188,-0.1677231,NA,NA,NA,NA,NA,NA,NA,NA,NA,NA,NA,NA,NA,NA,NA,NA,NA,NA,NA,NA,NA,NA,NA,NA,"1902_05_TeamML_TeamB 254",NA,NA,NA,NA,NA,NA,NA,NA,NA,NA,NA,NA,NA,NA,6.20826504749918,"game_play",0,"RF",NA,"ground",63.7242,302.619,-0.1257921,"rf_field_x","rf_field_y",68.2164,303.951,6,5.55429418468271,2.65950000000001,-3.61500000000001,1
13606,349203,"1902_06_TeamML_TeamB",99,3351374,6.5013,-9.7581,12.9372,26.0076,58.9551,67.029,90.1986,97.2168,-54.9972,67.032,1.1718,123.5133,-133.7751,221.9517,-6.7029,280.8999,126.1452,200.0856,69.9759,70.6101,1.0752,126.2802,-61.1211,62.586,5.0283,-1.0248,98.6763,90.5847,7.85241,NA,NA,NA,NA,NA,NA,NA,NA,NA,NA,NA,NA,NA,NA,NA,NA,NA,NA,NA,NA,NA,NA,NA,NA,"1902_06_TeamML_TeamB 99",NA,NA,NA,NA,NA,NA,NA,NA,NA,NA,NA,NA,NA,NA,89.8690569819223,"game_play",0,"just ball",NA,"fielder has it",101.1696,92.4081,7.22334,NA,NA,NA,NA,6,NA,NA,NA,0
13856,351868,"1902_06_TeamML_TeamB",170,5881724,6.6408,11.8872,0.9126,1.5693,34.9584,70.8909,4.4814,146.0193,-58.3884,77.5089,-6.4734,137.0871,-115.9017,257.7885,19.185,260.6565,130.5684,244.671,47.2842,35.3394,5.4588,124.2633,-60.1935,62.3922,NA,NA,16.60563,256.7628,-0.677064,NA,NA,NA,NA,NA,NA,NA,NA,NA,NA,NA,NA,NA,NA,NA,NA,NA,NA,NA,NA,NA,NA,NA,NA,"1902_06_TeamML_TeamB 170",NA,NA,NA,NA,NA,NA,NA,NA,NA,NA,NA,NA,NA,NA,31.8134431019341,"game_play",0,"CF",NA,"ground",16.82526,258.513,-0.745377,"cf_field_x","cf_field_y",19.185,260.6565,6,4.67055128297503,0.0846000000000018,2.8707,0
14029,353006,"1902_06_TeamML_TeamB",210,7315774,-9.1206,19.5495,0.0279,-2.4414,42.468,64.1676,53.6745,138.9417,-65.2938,74.4357,-23.0694,135.2187,-126.5298,253.9431,45.5112,292.6848,98.7195,222.2469,44.2215,32.7189,NA,NA,-61.8159,62.0034,-12.9075,14.898,100.2747,223.1775,-1.082865,55,211,"RF","ball acquired","TeamB","TeamML",55,7,"Top",1493,2925,1918,1607,2646,1650,1124,2183,1657,6410,9602,0,0,"TeamML","TeamB","1902_06_TeamML_TeamB 210",NA,NA,NA,NA,NA,NA,NA,NA,NA,NA,NA,NA,NA,NA,35.6311251500707,"game_play",0,"RF",NA,"fielder has it",NA,NA,NA,"rf_field_x","rf_field_y",98.7195,222.2469,6,1.81236403627969,2.3883,1.66619999999998,1
14189,355231,"1902_06_TeamML_TeamB",265,9396474,5.5044,26.5665,-1.2921,4.9809,52.6635,62.205,-0.8886,133.6194,-43.6407,66.0333,-69.1224,119.9877,-103.2366,208.8228,-3.8136,281.6553,96.0432,189.63,43.1001,31.2867,2.4843,125.3313,-60.2706,62.187,NA,NA,NA,NA,NA,NA,NA,NA,NA,NA,NA,NA,NA,NA,NA,NA,NA,NA,NA,NA,NA,NA,NA,NA,NA,NA,NA,NA,NA,"1902_06_TeamML_TeamB 265",NA,NA,NA,NA,NA,NA,NA,NA,NA,NA,NA,NA,NA,NA,37.4398105884632,"game_play",0,"LF",NA,"fielder has it",NA,NA,NA,"lf_field_x","lf_field_y",-103.2366,208.8228,6,NA,-1.45350000000001,2.77109999999999,0
14379,358140,"1902_07_TeamMJ_TeamB",43,1466202,11.8752,42.5505,0.3474,-4.1799,44.6028,81.6534,31.3824,179.7207,-60.6342,89.979,-11.6973,137.6598,-120.3522,231.3051,77.5815,314.6559,102.1176,288.0795,56.6544,49.7541,NA,NA,-60.5916,62.139,NA,NA,73.7259,325.116,0,14,43,"CF","ball acquired","TeamB","TeamMJ",14,2,"Top",2359,2925,1918,1607,1748,1650,1930,2183,1124,9087,0,9384,0,"TeamMJ","TeamB","1902_07_TeamMJ_TeamB 43",NA,NA,NA,NA,NA,NA,NA,NA,NA,NA,NA,NA,NA,NA,14.6874268056049,"game_play",0,"CF",NA,"fielder has it",NA,NA,NA,"cf_field_x","cf_field_y",77.5815,314.6559,6,11.1480645571328,-2.98560000000001,-1.34309999999999,0
14575,362276,"1902_07_TeamMJ_TeamB",162,5832402,6.498,50.7912,2.5368,1.9146,55.2216,92.5209,0.7083,138.4002,-76.1628,73.6308,-49.9566,137.7297,-171.9516,242.2224,11.6097,281.1549,130.8123,225.8574,50.0448,39.1206,NA,NA,-61.4856,62.5062,NA,NA,-193.6416,199.2132,-0.226605,NA,NA,NA,NA,NA,NA,NA,NA,NA,NA,NA,NA,NA,NA,NA,NA,NA,NA,NA,NA,NA,NA,NA,NA,"1902_07_TeamMJ_TeamB 162",NA,NA,NA,NA,NA,NA,NA,NA,NA,NA,NA,NA,NA,NA,27.1673140262338,"game_play",0,"LF",NA,"ground",-194.9874,200.4075,-0.2018625,"lf_field_x","lf_field_y",-171.9516,242.2224,6,48.1689462687321,3.19710000000001,1.09290000000001,0
14782,363938,"1902_07_TeamMJ_TeamB",208,7760552,9.2922,22.6719,0.4908,-0.7476,40.0278,75.9483,9.06,140.5131,-57.6987,84.1905,-10.8933,134.112,-118.7085,224.658,32.2767,277.2465,82.8591,285.4806,35.8842,24.816,4.2801,124.839,-59.7783,62.6727,NA,NA,34.7238,244.2318,-0.2652819,NA,NA,NA,NA,NA,NA,NA,NA,NA,NA,NA,NA,NA,NA,NA,NA,NA,NA,NA,NA,NA,NA,NA,NA,"1902_07_TeamMJ_TeamB 208",NA,NA,NA,NA,NA,NA,NA,NA,NA,NA,NA,NA,NA,NA,46.8325150471336,"game_play",0,"CF",NA,"ground",34.8855,245.2074,-0.2439216,"cf_field_x","cf_field_y",32.2767,277.2465,6,33.1052671715545,-1.1739,3.14339999999999,0
15130,378536,"1902_08_TeamMJ_TeamB",351,13417205,3.4683,35.1711,-0.2382,0.5718,48.1776,74.9262,-1.6905,135.8367,-59.7495,86.271,-61.4619,102.1095,-90.0864,208.4901,2.6367,271.5348,117.3222,224.2722,45.0276,36.9924,-0.7368,124.1931,-63.8295,62.9919,NA,NA,NA,NA,NA,NA,NA,NA,NA,NA,NA,NA,NA,NA,NA,NA,NA,NA,NA,NA,NA,NA,NA,NA,NA,NA,NA,NA,NA,"1902_08_TeamMJ_TeamB 351",NA,NA,NA,NA,NA,NA,NA,NA,NA,NA,NA,NA,NA,NA,31.6133266126803,"game_play",0,"LF",NA,"fielder has it",NA,NA,NA,"lf_field_x","lf_field_y",-90.0864,208.4901,6,NA,-0.760800000000003,2.16,0
15293,384537,"1902_09_TeamMJ_TeamB",141,5124355,11.1258,49.5546,0.9216,0.8526,56.8422,60.4704,59.2863,146.2887,-64.5483,76.2051,-6.9984,132.156,-125.7531,255.9717,31.356,298.2051,86.2116,231.2073,48.6636,41.2314,5.4594,124.5246,-61.047,62.6211,NA,NA,84.57,228.6963,-0.01374192,NA,NA,NA,NA,NA,NA,NA,NA,NA,NA,NA,NA,NA,NA,NA,NA,NA,NA,NA,NA,NA,NA,NA,NA,"1902_09_TeamMJ_TeamB 141",NA,NA,NA,NA,NA,NA,NA,NA,NA,NA,NA,NA,NA,NA,26.0653853015834,"game_play",0,"RF",NA,"ground",85.398,230.6604,0,"rf_field_x","rf_field_y",86.2116,231.2073,6,2.99999525999626,2.1297,1.82820000000001,0
15454,384698,"1902_09_TeamMJ_TeamB",142,5348305,-1.4646,45.897,0.7188,2.4915,59.9868,78.2565,6.7443,133.1835,-75.9213,72.0042,-81.8034,128.1594,-183.4047,241.1259,-15.2871,299.2701,116.0421,245.6352,51.9753,43.3527,-3.5658,126.8964,-58.6086,62.4945,NA,NA,-218.9757,202.6389,0.3819,NA,NA,NA,NA,NA,NA,NA,NA,NA,NA,NA,NA,NA,NA,NA,NA,NA,NA,NA,NA,NA,NA,NA,NA,"1902_09_TeamMJ_TeamB 142",NA,NA,NA,NA,NA,NA,NA,NA,NA,NA,NA,NA,NA,NA,22.5291013442614,"game_play",0,"LF",NA,"ground",-219.6861,204.0528,0.4656,"lf_field_x","lf_field_y",-183.4047,241.1259,6,52.4074919262504,2.08109999999999,0.465900000000005,0
15679,395891,"1902_10_TeamMI_TeamA3",147,5156631,5.3784,31.6788,-0.7341,-4.917,57.4314,80.5041,-5.949,139.9215,-78.9318,78.7626,-87.885,126.0597,-164.6139,230.1108,8.187,296.7525,119.5245,227.1483,49.8045,38.8326,8.1291,123.7335,-59.7078,62.0244,NA,NA,-177.765,173.4342,-2.48706,NA,NA,NA,NA,NA,NA,NA,NA,NA,NA,NA,NA,NA,NA,NA,NA,NA,NA,NA,NA,NA,NA,NA,NA,"1902_10_TeamMI_TeamA3 147",NA,NA,NA,NA,NA,NA,NA,NA,NA,NA,NA,NA,NA,NA,27.5351492280322,"game_play",0,"LF",NA,"ground",-177.4299,173.7459,-2.447025,"lf_field_x","lf_field_y",-164.6139,230.1108,6,58.1823720620774,2.09520000000001,2.0925,0
16192,413373,"1902_12_TeamMI_TeamA3",105,3496754,-4.3185,49.9935,-0.3375,-5.1834,43.8027,89.3178,31.3497,173.2476,-71.115,78.4269,-21.8856,135.8325,-96.0405,249.8283,84.0747,330.6045,106.3227,303.7455,44.1372,29.2743,4.071,125.3997,-60.3978,62.8995,-21.2457,20.124,87.5058,305.373,40.248,NA,NA,NA,NA,NA,NA,NA,NA,NA,NA,NA,NA,NA,NA,NA,NA,NA,NA,NA,NA,NA,NA,NA,NA,"1902_12_TeamMI_TeamA3 105",NA,NA,NA,NA,NA,NA,NA,NA,NA,NA,NA,NA,NA,NA,38.6423092520362,"game_play",0,"CF",NA,"air",88.7499,307.374,38.2182,"cf_field_x","cf_field_y",84.0747,330.6045,6,25.4637200632586,-4.15830000000001,0.608100000000036,0
16439,421370,"1902_13_TeamMD_TeamA2",36,1398980,-2.2158,53.0508,0.0462,1.0995,53.8812,63.3894,24.5997,171.7989,-40.4679,62.6265,70.422,144.5748,-131.5203,264.0555,42.5385,302.3451,67.5924,276.126,53.2836,38.4138,NA,NA,-60.5166,62.1645,NA,NA,56.181,263.9382,0.2019495,NA,NA,NA,NA,NA,NA,NA,NA,NA,NA,NA,NA,NA,NA,NA,NA,NA,NA,NA,NA,NA,NA,NA,NA,"1902_13_TeamMD_TeamA2 36",NA,NA,NA,NA,NA,NA,NA,NA,NA,NA,NA,NA,NA,NA,26.4365213180554,"game_play",0,"RF",NA,"ground",56.5812,265.7388,0.1605837,"rf_field_x","rf_field_y",67.5924,276.126,6,16.696182761338,2.6571,-1.16489999999999,0
16607,421696,"1902_13_TeamMD_TeamA2",40,1550980,-8.4324,25.0605,1.368,2.2533,59.4912,62.3532,6.5595,134.6502,-62.2965,72.756,-73.2381,137.4288,-91.9761,198.2697,-40.1931,285.0597,107.8314,250.8339,49.3875,45.0408,NA,NA,-61.41,62.4696,NA,NA,NA,NA,NA,NA,NA,NA,NA,NA,NA,NA,NA,NA,NA,NA,NA,NA,NA,NA,NA,NA,NA,NA,NA,NA,NA,NA,NA,"1902_13_TeamMD_TeamA2 40",NA,NA,NA,NA,NA,NA,NA,NA,NA,NA,NA,NA,NA,NA,22.5351507847185,"game_play",0,"LF",NA,"fielder has it",NA,NA,NA,"lf_field_x","lf_field_y",-91.9761,198.2697,6,NA,-1.6332,3.02699999999999,0
16768,426431,"1902_13_TeamMD_TeamA2",189,6705480,-7.5417,27.0294,1.9842,1.3995,74.5365,92.8383,83.4978,115.8573,-67.644,75.5793,1.4406,133.5924,-114.2769,225.7068,-19.7607,298.0284,194.0835,241.2447,52.6575,44.6271,-6.0432,128.5872,-61.9167,62.8167,-11.9958,12.5202,196.2636,207.2727,-0.341556,NA,NA,NA,NA,NA,NA,NA,NA,NA,NA,NA,NA,NA,NA,NA,NA,NA,NA,NA,NA,NA,NA,NA,NA,"1902_13_TeamMD_TeamA2 189",NA,NA,NA,NA,NA,NA,NA,NA,NA,NA,NA,NA,NA,NA,21.0838981372041,"game_play",0,"RF",NA,"ground",198.5961,208.1736,-0.1533606,"rf_field_x","rf_field_y",194.0835,241.2447,6,34.041880382993,-4.12589999999997,1.33109999999999,0
17008,433714,"1902_13_TeamMK_TeamB",62,2277160,-3.4308,51.4347,1.8534,3.0693,53.2725,65.5989,25.0503,127.3359,-58.4901,88.5198,-39.3993,150.3474,-109.749,242.5095,-65.826,268.0728,84.3252,241.1601,45.2823,37.6752,NA,NA,-60.9186,62.7594,-14.4612,12.948,-65.1132,237.0714,-0.351051,NA,NA,NA,NA,NA,NA,NA,NA,NA,NA,NA,NA,NA,NA,NA,NA,NA,NA,NA,NA,NA,NA,NA,NA,"1902_13_TeamMK_TeamB 62",NA,NA,NA,NA,NA,NA,NA,NA,NA,NA,NA,NA,NA,NA,30.9073193326435,"game_play",0,"CF",NA,"ground",-65.9442,238.8117,-0.354063,"cf_field_x","cf_field_y",-65.826,268.0728,6,31.0095934478348,2.6142,2.13390000000004,0
17187,436286,"1902_13_TeamMK_TeamB",127,4491110,-2.1105,45.6066,-1.1619,-3.8688,71.3268,82.5612,28.0929,139.7445,-51.8223,65.3346,-90.6393,157.9785,-128.3607,189.6867,-2.3028,294.396,130.1055,233.9475,38.0658,19.608,0.246,125.6016,-59.1513,62.1576,-15.9783,19.4406,-104.811,145.0434,30.6495,NA,NA,NA,NA,NA,NA,NA,NA,NA,NA,NA,NA,NA,NA,NA,NA,NA,NA,NA,NA,NA,NA,NA,NA,"1902_13_TeamMK_TeamB 127",NA,NA,NA,NA,NA,NA,NA,NA,NA,NA,NA,NA,NA,NA,50.0457789792506,"game_play",0,"LF",NA,"air",-106.005,146.4768,28.61817,"lf_field_x","lf_field_y",-128.3607,189.6867,6,50.4738804232447,-0.748499999999979,3.98009999999999,0
17374,436484,"1902_13_TeamMK_TeamB",129,4561410,-1.5978,46.3437,0.6963,-6.1662,37.077,78.8403,28.0779,173.0526,-63.4368,84.156,-25.8294,141.1068,-134.4897,242.2041,54.4002,333.5871,99.0555,301.2141,43.5354,31.3182,5.0547,123.7752,-60.4302,62.8185,NA,NA,67.5705,318.441,24.69342,NA,NA,NA,NA,NA,NA,NA,NA,NA,NA,NA,NA,NA,NA,NA,NA,NA,NA,NA,NA,NA,NA,NA,NA,"1902_13_TeamMK_TeamB 129",NA,NA,NA,NA,NA,NA,NA,NA,NA,NA,NA,NA,NA,NA,37.1834251300226,"game_play",0,"CF",NA,"air",68.706,320.898,22.82658,"cf_field_x","cf_field_y",54.4002,333.5871,6,20.0714012291121,-2.9694,-3.03540000000004,0
17610,438995,"1902_13_TeamMK_TeamB",191,6901860,3.1683,20.7744,1.0395,0.3984,42.2055,71.325,8.5992,136.2522,-57.9138,78.5319,-77.4888,104.9442,-133.4934,214.0128,-21.6939,305.5953,115.7514,240.6453,44.0625,28.5765,NA,NA,-59.4489,62.4516,NA,NA,-130.9836,210.381,-0.0995454,NA,NA,NA,NA,NA,NA,NA,NA,NA,NA,NA,NA,NA,NA,NA,NA,NA,NA,NA,NA,NA,NA,NA,NA,"1902_13_TeamMK_TeamB 191",NA,NA,NA,NA,NA,NA,NA,NA,NA,NA,NA,NA,NA,NA,39.2887548606468,"game_play",0,"LF",NA,"ground",-131.8614,211.3032,-0.0497727,"lf_field_x","lf_field_y",-133.4934,214.0128,6,4.41464237283158,-2.12430000000001,2.14500000000001,0
17788,444798,"1902_14_TeamMD_TeamA2",21,632947,59.7342,64.002,0.1053,0.9768,65.6916,71.757,62.2428,104.73,-55.8648,66.6957,0.7104,127.1595,-106.8621,230.6319,-22.3956,292.5357,141.5133,229.8162,53.8623,54.6471,4.5189,125.3475,-62.1837,62.7648,NA,NA,-34.6527,161.9049,1.818171,NA,NA,NA,NA,NA,NA,NA,NA,NA,NA,NA,NA,NA,NA,NA,NA,NA,NA,NA,NA,NA,NA,NA,NA,"1902_14_TeamMD_TeamA2 21",NA,NA,NA,NA,NA,NA,NA,NA,NA,NA,NA,NA,NA,NA,12.3801655764372,"game_play",0,"just ball",NA,"ground",-36.2532,163.3119,2.258826,NA,NA,NA,NA,6,NA,NA,NA,0
17789,444799,"1902_14_TeamMD_TeamA2",21,632997,60.0042,64.1406,0.0924,0.9654,65.6313,71.7036,62.2851,104.5551,-55.8489,66.6876,0.462,127.0116,-106.2741,229.7814,-22.8042,292.0437,141.4836,229.5786,54.8484,55.8048,4.3818,125.6508,-62.2842,62.2524,NA,NA,-36.2532,163.3119,2.258826,NA,NA,NA,NA,NA,NA,NA,NA,NA,NA,NA,NA,NA,NA,NA,NA,NA,NA,NA,NA,NA,NA,NA,NA,"1902_14_TeamMD_TeamA2 21",NA,NA,NA,NA,NA,NA,NA,NA,NA,NA,NA,NA,NA,NA,10.8728784413328,"game_play",0,"just ball",NA,"ground",-37.8486,164.7069,2.613528,NA,NA,NA,NA,6,NA,NA,NA,0
18057,446446,"1902_14_TeamMD_TeamA2",52,1691526,-24.4518,21.4875,0.2988,2.1594,34.6824,50.2656,76.8891,89.6556,-67.6893,72.9372,0.9342,117.5118,-131.4987,241.7469,42.1683,299.139,116.541,189.5481,59.6946,75.6273,-3.1833,127.0437,-60.1434,62.8995,NA,NA,NA,NA,NA,NA,NA,NA,NA,NA,NA,NA,NA,NA,NA,NA,NA,NA,NA,NA,NA,NA,NA,NA,NA,NA,NA,NA,NA,"1902_14_TeamMD_TeamA2 52",NA,NA,NA,NA,NA,NA,NA,NA,NA,NA,NA,NA,NA,NA,78.7565843244233,"game_play",0,"RF",NA,"fielder has it",NA,NA,NA,"rf_field_x","rf_field_y",116.541,189.5481,6,NA,0.113100000000003,-0.490499999999997,0
18058,446447,"1902_14_TeamMD_TeamA2",52,1691576,-24.4911,20.7312,0.3087,2.1957,34.5213,50.0772,77.0526,88.9851,-67.5582,72.7974,0.9528,117.6564,-131.4846,241.7232,42.3654,298.953,116.5434,189.7737,59.4951,76.404,-3.2343,126.9834,-60.2646,62.2338,NA,NA,NA,NA,NA,NA,NA,NA,NA,NA,NA,NA,NA,NA,NA,NA,NA,NA,NA,NA,NA,NA,NA,NA,NA,NA,NA,NA,NA,"1902_14_TeamMD_TeamA2 52",NA,NA,NA,NA,NA,NA,NA,NA,NA,NA,NA,NA,NA,NA,78.100077720896,"game_play",0,"RF",NA,"fielder has it",NA,NA,NA,"rf_field_x","rf_field_y",116.5434,189.7737,6,NA,0.0668999999999897,-0.602099999999979,0
18268,459413,"1902_14_TeamMK_TeamB",76,2422735,-20.3649,17.9421,1.1472,1.4145,48.33,70.1748,95.9001,135.4446,-64.422,88.371,-3.4047,138.9189,-119.8452,244.6353,52.5087,273.3048,134.5293,195.825,43.9764,39.3837,NA,NA,-61.8987,62.139,NA,NA,NA,NA,NA,NA,NA,NA,NA,NA,NA,NA,NA,NA,NA,NA,NA,NA,NA,NA,NA,NA,NA,NA,NA,NA,NA,NA,NA,"1902_14_TeamMK_TeamB 76",NA,NA,NA,NA,NA,NA,NA,NA,NA,NA,NA,NA,NA,NA,30.3253521438746,"game_play",0,"RF",NA,"fielder has it",NA,NA,NA,"rf_field_x","rf_field_y",134.5293,195.825,6,NA,1.61429999999999,2.01420000000002,0
18670,464918,"1902_14_TeamMK_TeamB",211,6831185,-5.0424,41.7171,0.1932,-0.6651,50.3808,78.0132,23.3691,134.1312,-50.3841,88.3563,-13.2675,143.8719,-111.8049,281.625,-42.8844,319.0767,116.3442,251.253,40.3881,27.5628,NA,NA,-61.7382,62.2647,NA,NA,-75.2268,253.8495,1.539768,NA,NA,NA,NA,NA,NA,NA,NA,NA,NA,NA,NA,NA,NA,NA,NA,NA,NA,NA,NA,NA,NA,NA,NA,"1902_14_TeamMK_TeamB 211",NA,NA,NA,NA,NA,NA,NA,NA,NA,NA,NA,NA,NA,NA,42.036807269939,"game_play",0,"LF",NA,"ground",-76.0758,255.4545,1.675809,"lf_field_x","lf_field_y",-111.8049,281.625,6,45.9285945774525,-1.8237,-2.72070000000002,0
19058,467037,"1902_14_TeamMK_TeamB",275,8981685,26.5464,53.0442,5.6523,-2.2779,61.2624,63.1842,17.0118,94.2348,-58.3095,87.0564,-5.6001,123.1593,-98.2488,226.7277,17.0667,264.267,124.6104,203.9295,51.189,50.8104,NA,NA,-61.2927,62.7471,-16.2585,16.2747,29.55543,86.3682,4.72995,NA,NA,NA,NA,NA,NA,NA,NA,NA,NA,NA,NA,NA,NA,NA,NA,NA,NA,NA,NA,NA,NA,NA,NA,"1902_14_TeamMK_TeamB 275",NA,NA,NA,NA,NA,NA,NA,NA,NA,NA,NA,NA,NA,NA,16.9730983959912,"game_play",0,"just ball",NA,"fielder has it",32.3376,83.8719,4.96314,NA,NA,NA,NA,6,NA,NA,NA,1
19059,467038,"1902_14_TeamMK_TeamB",275,8981735,26.5335,52.971,5.6682,-2.178,61.1871,63.2049,17.0118,94.2348,-58.1781,86.8983,-5.1111,122.7531,-97.854,226.3674,17.3982,263.6013,124.5462,203.2089,52.1988,51.8367,NA,NA,-61.4274,62.0049,-15.5526,15.597,32.3376,83.8719,4.96314,NA,NA,NA,NA,NA,NA,NA,NA,NA,NA,NA,NA,NA,NA,NA,NA,NA,NA,NA,NA,NA,NA,NA,NA,"1902_14_TeamMK_TeamB 275",NA,NA,NA,NA,NA,NA,NA,NA,NA,NA,NA,NA,NA,NA,15.5333572781289,"game_play",0,"just ball",NA,"fielder has it",35.0847,81.3816,5.12244,NA,NA,NA,NA,6,NA,NA,NA,1
19264,474420,"1902_15_TeamMK_TeamB",167,5567114,-3.2067,30.7992,0.7911,-0.2763,32.976,78.0603,26.7912,155.6595,-69.5967,82.3716,-20.1108,132.4941,-144.0363,245.2866,49.86,328.6809,103.0938,289.9356,50.6649,36.7416,5.7591,123.8631,-60.3639,62.3445,NA,NA,72.1215,281.9421,-0.391125,NA,NA,NA,NA,NA,NA,NA,NA,NA,NA,NA,NA,NA,NA,NA,NA,NA,NA,NA,NA,NA,NA,NA,NA,"1902_15_TeamMK_TeamB 167",NA,NA,NA,NA,NA,NA,NA,NA,NA,NA,NA,NA,NA,NA,29.0113471346989,"game_play",0,"CF",NA,"ground",72.7086,283.4262,-0.380832,"cf_field_x","cf_field_y",49.86,328.6809,6,51.7695838083522,-3.7677,-1.0752,0
19529,480502,"1902_16_TeamMD_TeamA2",33,1059673,15.7203,35.8599,0.7398,2.532,45.7617,71.8716,11.4066,155.4276,-65.6022,78.2202,0.2919,129.7167,-125.4165,252.426,56.3496,327.8808,91.0053,316.9614,61.9932,60.4743,NA,NA,-60.8256,62.8953,NA,NA,NA,NA,NA,NA,NA,NA,NA,NA,NA,NA,NA,NA,NA,NA,NA,NA,NA,NA,NA,NA,NA,NA,NA,NA,NA,NA,NA,"1902_16_TeamMD_TeamA2 33",NA,NA,NA,NA,NA,NA,NA,NA,NA,NA,NA,NA,NA,NA,2.71897163096638,"game_play",0,"CF",NA,"fielder has it",NA,NA,NA,"cf_field_x","cf_field_y",56.3496,327.8808,6,NA,-1.7091,1.38689999999997,0
19726,487029,"1902_16_TeamMD_TeamA2",240,8360816,-9.1146,24.0102,1.7385,3.4476,78.3315,81.6351,89.7816,94.3158,-51.3522,66.6273,-1.2669,120.6663,-125.5887,221.4963,-2.553,296.9691,205.848,194.685,55.6869,85.5666,-15.3501,124.7007,-61.3296,62.0568,-3.9159,3.5232,203.9826,182.0562,-0.370041,NA,NA,NA,NA,NA,NA,NA,NA,NA,NA,NA,NA,NA,NA,NA,NA,NA,NA,NA,NA,NA,NA,NA,NA,"1902_16_TeamMD_TeamA2 240",NA,NA,NA,NA,NA,NA,NA,NA,NA,NA,NA,NA,NA,NA,69.4100674770598,"game_play",0,"RF",NA,"ground",204.321,182.8851,-0.357699,"rf_field_x","rf_field_y",205.848,194.685,6,12.7658257312248,-0.473100000000017,0.55019999999999,0
19893,488652,"1902_17_TeamMB_TeamA1",20,606684,1.8156,34.3065,1.8498,4.2915,56.3964,76.113,14.9676,131.6451,-81.975,85.2297,-32.2143,133.1547,-199.2309,211.4229,-66.3078,280.9926,127.3359,226.5804,57.8907,49.1826,NA,NA,-59.7855,62.985,NA,NA,-183.2832,184.7937,-0.842274,NA,NA,NA,NA,NA,NA,NA,NA,NA,NA,NA,NA,NA,NA,NA,NA,NA,NA,NA,NA,NA,NA,NA,NA,"1902_17_TeamMB_TeamA1 20",NA,NA,NA,NA,NA,NA,NA,NA,NA,NA,NA,NA,NA,NA,14.7317849987705,"game_play",0,"LF",NA,"ground",-183.9114,185.8656,-0.782112,"lf_field_x","lf_field_y",-199.2309,211.4229,6,31.0393851087614,2.06489999999999,1.85550000000001,0
20116,492732,"1902_17_TeamMB_TeamA1",117,4296168,-6.915,24.7791,0.3729,1.6701,43.9731,76.7466,62.9049,120.8703,-59.8512,83.2911,-10.8462,133.0014,-124.0353,208.1313,28.1871,292.2105,108.9615,234.0933,47.5938,35.7897,NA,NA,-61.2525,62.5701,NA,NA,NA,NA,NA,NA,NA,NA,NA,NA,NA,NA,NA,NA,NA,NA,NA,NA,NA,NA,NA,NA,NA,NA,NA,NA,NA,NA,NA,"1902_17_TeamMB_TeamA1 117",NA,NA,NA,NA,NA,NA,NA,NA,NA,NA,NA,NA,NA,NA,31.2690170061356,"game_play",0,"RF",NA,"fielder has it",NA,NA,NA,"rf_field_x","rf_field_y",108.9615,234.0933,6,NA,1.32599999999999,1.9083,0
20701,502644,"1902_18_TeamMB_TeamA1",123,4429704,-10.4748,15.7893,0.2715,0.9411,21.7389,69.2277,2.7699,203.0256,-69.2343,68.253,-2.841,166.9479,-64.1073,269.0022,21.8979,398.5683,77.9589,306.0351,37.3245,111.8403,-42.8235,102.7989,-60.5769,62.3259,NA,NA,23.38614,404.088,-1.448658,NA,NA,NA,NA,NA,NA,NA,NA,NA,NA,NA,NA,NA,NA,NA,NA,NA,NA,NA,NA,NA,NA,NA,NA,"1902_18_TeamMB_TeamA1 123",NA,NA,NA,NA,NA,NA,NA,NA,NA,NA,NA,NA,NA,NA,40.2856649981107,"game_play",0,"CF",NA,"ground",23.4546,403.884,-1.5036,"cf_field_x","cf_field_y",21.8979,398.5683,6,5.71681260735386,-0.0225000000000009,-2.38710000000003,0
20867,508798,"1902_19_TeamME_TeamA2",37,1156702,2.757,57.18,-0.768,-5.544,70.872,80.1945,12.6324,134.7018,-68.0355,71.7702,-36.198,154.2846,-103.5222,313.0041,-51.5862,327.624,121.962,225.2391,56.6097,48.801,NA,NA,-59.9535,62.4639,NA,NA,-61.4703,318.948,1.692213,NA,NA,NA,NA,NA,NA,NA,NA,NA,NA,NA,NA,NA,NA,NA,NA,NA,NA,NA,NA,NA,NA,NA,NA,"1902_19_TeamME_TeamA2 37",NA,NA,NA,NA,NA,NA,NA,NA,NA,NA,NA,NA,NA,NA,15.5707268645365,"game_play",0,"CF",NA,"ground",-61.8,320.1,1.40391,"cf_field_x","cf_field_y",-51.5862,327.624,6,13.151745466287,3.1893,-2.20320000000004,0
21164,509191,"1902_19_TeamME_TeamA2",46,1595752,-26.2866,0.8469,1.1091,2.7066,14.0079,71.0295,-15.6918,163.0611,-48.2583,66.0423,-20.7069,209.5113,-76.7889,320.1546,-10.416,398.5779,47.0076,334.449,30.4182,110.0682,-29.8926,107.4633,-61.4322,62.5032,NA,NA,-16.58574,247.4724,14.84091,NA,NA,NA,NA,NA,NA,NA,NA,NA,NA,NA,NA,NA,NA,NA,NA,NA,NA,NA,NA,NA,NA,NA,NA,"1902_19_TeamME_TeamA2 46",NA,NA,NA,NA,NA,NA,NA,NA,NA,NA,NA,NA,NA,NA,34.8131116460451,"game_play",0,"just ball",NA,"fielder has it",-16.62237,244.4703,13.77543,NA,NA,NA,NA,6,NA,NA,NA,0
21376,509541,"1902_19_TeamME_TeamA2",58,2176352,-8.97,29.3511,-0.4191,-4.6767,17.892,70.8585,43.2423,194.9712,-67.8972,71.3484,11.1366,155.6304,-114.2553,256.9899,96.4119,348.5733,104.937,347.6784,47.2551,100.9011,-37.0389,107.0649,-60.6525,62.9661,-36.9705,33.2742,101.6928,344.877,7.86462,NA,NA,NA,NA,NA,NA,NA,NA,NA,NA,NA,NA,NA,NA,NA,NA,NA,NA,NA,NA,NA,NA,NA,NA,"1902_19_TeamME_TeamA2 58",NA,NA,NA,NA,NA,NA,NA,NA,NA,NA,NA,NA,NA,NA,53.9833035041391,"game_play",0,"just ball",NA,"fielder has it",99.1656,340.569,9.19554,NA,NA,NA,NA,6,NA,NA,NA,0
21514,510406,"1902_19_TeamME_TeamA2",87,3040652,-2.328,53.7597,-1.3869,-3.006,52.2834,72.1695,62.7318,149.9955,-68.682,75.7704,-18.7767,136.2657,-137.2074,238.0758,10.4478,292.3611,97.6215,218.1342,30.5235,24.4839,5.4063,123.984,-59.4432,62.7495,-16.6806,10.4907,81.9924,187.3653,0.664677,NA,NA,NA,NA,NA,NA,NA,NA,NA,NA,NA,NA,NA,NA,NA,NA,NA,NA,NA,NA,NA,NA,NA,NA,"1902_19_TeamME_TeamA2 87",NA,NA,NA,NA,NA,NA,NA,NA,NA,NA,NA,NA,NA,NA,50.3806809348584,"game_play",0,"RF",NA,"ground",83.1207,189.3378,0.509847,"rf_field_x","rf_field_y",97.6215,218.1342,6,34.510780547823,1.8537,2.4513,0
21736,510664,"1902_19_TeamME_TeamA2",91,3212402,-7.8198,51.0927,-3.2625,-4.6095,61.0773,81.0069,12.7728,143.9787,-65.9088,73.1316,-43.1313,164.4285,-105.6912,310.6242,-53.2503,341.4174,135.0438,239.1414,49.767,38.0937,-9.2157,127.1946,-59.9385,62.9823,NA,NA,-73.2318,319.941,-0.2357124,19,91,"Ball event","ball bounce","TeamA2","TeamME",19,1,"Bottom",5056,9321,3187,5295,6956,3726,4679,8113,5238,2207,2808,1684,1972,"TeamA2","TeamME","1902_19_TeamME_TeamA2 91",NA,NA,NA,NA,NA,NA,NA,NA,NA,NA,NA,NA,NA,NA,28.2034761809604,"game_play",0,"CF",NA,"ground",-72.2742,321.792,0.1681938,"cf_field_x","cf_field_y",-53.2503,341.4174,6,29.3342137990777,3.4569,-1.73219999999998,0
21957,518767,"1902_20_TeamME_TeamA2",29,924728,-1.3677,22.5906,-0.6501,-0.4872,43.7463,60.5049,27.8229,153.5694,-55.0248,65.1171,-2.2827,131.2125,-129.8811,242.7699,44.4828,303.9306,84.0987,295.0119,46.9476,38.4651,-2.9352,126.3216,-61.7412,62.4543,NA,NA,59.2428,263.9634,0.0977643,NA,NA,NA,NA,NA,NA,NA,NA,NA,NA,NA,NA,NA,NA,NA,NA,NA,NA,NA,NA,NA,NA,NA,NA,"1902_20_TeamME_TeamA2 29",NA,NA,NA,NA,NA,NA,NA,NA,NA,NA,NA,NA,NA,NA,29.3196327359331,"game_play",0,"CF",NA,"ground",59.5581,265.3374,0.0910491,"cf_field_x","cf_field_y",44.4828,303.9306,6,42.6055709484101,-3.471,0.988499999999988,0
22157,523726,"1902_20_TeamME_TeamA2",151,5421978,-10.3911,12.3225,-0.6855,-2.2542,31.4265,59.139,85.4643,96.6819,-53.8221,60.6036,-4.1445,124.3872,-125.2614,237.5778,25.785,300.6861,172.2987,226.1859,61.3023,63.7704,NA,NA,-61.2855,62.958,NA,NA,NA,NA,NA,NA,NA,NA,NA,NA,NA,NA,NA,NA,NA,NA,NA,NA,NA,NA,NA,NA,NA,NA,NA,NA,NA,NA,NA,"1902_20_TeamME_TeamA2 151",NA,NA,NA,NA,NA,NA,NA,NA,NA,NA,NA,NA,NA,NA,88.0678959749238,"game_play",0,"RF",NA,"fielder has it",NA,NA,NA,"rf_field_x","rf_field_y",172.2987,226.1859,6,NA,-0.0227999999999895,0.0803999999999974,0
22330,524134,"1902_20_TeamME_TeamA2",163,5821178,-4.665,29.9421,1.7037,-0.6702,37.5939,59.7126,22.7892,137.0652,-51.213,66.2367,-1.785,124.5882,-114.8055,232.9368,79.0674,290.2368,110.8854,314.7981,59.7168,59.3811,NA,NA,-63.9225,62.9961,-44.5293,45.5922,86.9484,277.8297,0.218289,NA,NA,NA,NA,NA,NA,NA,NA,NA,NA,NA,NA,NA,NA,NA,NA,NA,NA,NA,NA,NA,NA,NA,NA,"1902_20_TeamME_TeamA2 163",NA,NA,NA,NA,NA,NA,NA,NA,NA,NA,NA,NA,NA,NA,4.88629097066476,"game_play",0,"CF",NA,"air",87.3051,277.6596,0.2085261,"cf_field_x","cf_field_y",79.0674,290.2368,6,14.6985132380796,-1.4145,0.795599999999979,0
22515,535948,"1902_21_TeamME_TeamA2",181,6486508,3.6309,48.0807,3.9366,-2.4114,106.9668,109.7772,17.0301,136.1571,-68.7612,75.261,-23.3955,133.8822,-137.1216,245.2866,1.6617,293.2719,126.6444,207.4893,50.4804,41.7729,NA,NA,-63.2961,62.5197,NA,NA,NA,NA,NA,NA,NA,NA,NA,NA,NA,NA,NA,NA,NA,NA,NA,NA,NA,NA,NA,NA,NA,NA,NA,NA,NA,NA,NA,"1902_21_TeamME_TeamA2 181",NA,NA,NA,NA,NA,NA,NA,NA,NA,NA,NA,NA,NA,NA,24.644069440131,"game_play",0,"1B",NA,"fielder has it",NA,NA,NA,"1b_field_x","1b_field_y",106.9668,109.7772,6,NA,-2.42280000000001,-2.20679999999999,0
22676,540743,"1902_22_TeamMA_TeamA1",72,2544490,-0.2628,31.5867,-1.617,4.9983,46.3437,69.4365,15.1284,134.7552,-64.1427,86.2029,-5.9025,130.5537,-120.5556,225.7341,36.9906,270.3582,91.9764,269.5566,46.1664,32.9949,5.2944,125.6448,-61.2861,62.8776,NA,NA,33.1785,236.3538,-0.1460154,NA,NA,NA,NA,NA,NA,NA,NA,NA,NA,NA,NA,NA,NA,NA,NA,NA,NA,NA,NA,NA,NA,NA,NA,"1902_22_TeamMA_TeamA1 72",NA,NA,NA,NA,NA,NA,NA,NA,NA,NA,NA,NA,NA,NA,34.4045943875233,"game_play",0,"CF",NA,"ground",33.3594,237.9876,-0.160416,"cf_field_x","cf_field_y",36.9906,270.3582,6,34.217412610687,-0.527700000000003,3.11849999999998,0
22860,546802,"1902_22_TeamMA_TeamA1",217,7604940,-4.5039,28.1268,-0.75,1.4295,49.4349,71.8299,41.9487,120.0423,-64.7526,78.4842,-23.2917,134.2236,-118.2462,224.2797,6.6558,280.5102,143.8272,203.13,43.6758,30.9255,7.5159,122.4459,-60.7017,62.6325,NA,NA,135.9963,193.9185,-0.363375,NA,NA,NA,NA,NA,NA,NA,NA,NA,NA,NA,NA,NA,NA,NA,NA,NA,NA,NA,NA,NA,NA,NA,NA,"1902_22_TeamMA_TeamA1 217",NA,NA,NA,NA,NA,NA,NA,NA,NA,NA,NA,NA,NA,NA,37.4459377755452,"game_play",0,"RF",NA,"ground",137.1174,195.0312,-0.2907,"rf_field_x","rf_field_y",143.8272,203.13,6,12.0902740688539,-0.0527999999999906,1.6173,0
23018,550709,"1902_23_TeamMA_TeamA1",53,1629588,-2.6271,37.2969,0.1929,3.5556,56.5974,70.4238,23.208,133.6344,-35.4543,62.0541,-56.2758,117.9483,-131.4345,200.9841,6.567,283.3779,125.7261,225.8202,48.4047,31.1844,4.9998,123.7005,-61.3239,62.3808,-13.4604,12.3141,NA,NA,NA,NA,NA,NA,NA,NA,NA,NA,NA,NA,NA,NA,NA,NA,NA,NA,NA,NA,NA,NA,NA,NA,NA,NA,NA,"1902_23_TeamMA_TeamA1 53",NA,NA,NA,NA,NA,NA,NA,NA,NA,NA,NA,NA,NA,NA,35.0036453165952,"game_play",0,"LF",NA,"fielder has it",NA,NA,NA,"lf_field_x","lf_field_y",-131.4345,200.9841,6,NA,-0.244499999999988,2.0094,1
23444,555876,"1902_23_TeamMA_TeamA1",211,7427588,0.6909,51.4632,2.0604,-0.7896,58.2348,63.5634,16.0566,146.1117,-47.8641,67.2642,-5.5374,133.3557,-109.0398,218.0766,10.9407,250.9635,76.0413,242.8869,46.584,41.1768,4.6311,123.378,-60.2529,62.8026,-17.6823,17.0007,-9.39072,144.9864,0.2050356,NA,NA,NA,NA,NA,NA,NA,NA,NA,NA,NA,NA,NA,NA,NA,NA,NA,NA,NA,NA,NA,NA,NA,NA,"1902_23_TeamMA_TeamA1 211",NA,NA,NA,NA,NA,NA,NA,NA,NA,NA,NA,NA,NA,NA,27.3081876776911,"game_play",0,"2B",NA,"ground",-10.05378,145.0434,0.2047584,"2b_field_x","2b_field_y",16.0566,146.1117,6,25.4721886627828,0.0423000000000009,-0.306300000000022,0
23923,571074,"1902_24_TeamMA_TeamA1",250,8557285,-11.0853,31.5675,-0.705,-0.6789,51.8874,71.2551,22.1175,153.0882,-65.3835,84.6315,-17.3082,134.0526,-119.6532,226.119,21.2889,297.5364,56.0439,253.569,43.2168,31.329,14.7948,118.6974,-60.645,62.6232,NA,NA,54.4518,246.2748,-0.39156,NA,NA,NA,NA,NA,NA,NA,NA,NA,NA,NA,NA,NA,NA,NA,NA,NA,NA,NA,NA,NA,NA,NA,NA,"1902_24_TeamMA_TeamA1 250",NA,NA,NA,NA,NA,NA,NA,NA,NA,NA,NA,NA,NA,NA,37.3420305184386,"game_play",0,"RF",NA,"ground",54.7101,247.4571,-0.421812,"rf_field_x","rf_field_y",56.0439,253.569,6,7.46593169336553,1.3641,1.25820000000002,0
24174,581598,"1902_25_TeamMH_TeamA3",102,3168062,-9.1263,36.2853,0.4176,-3.7965,72.4143,80.7345,34.0155,134.6211,-66.4995,80.3298,-44.1141,155.121,-99.1182,279.7353,-65.0106,291.3021,128.9364,250.9137,52.5246,43.2399,NA,NA,-60.4644,62.5929,NA,NA,-65.3727,279.0666,-0.733284,NA,NA,NA,NA,NA,NA,NA,NA,NA,NA,NA,NA,NA,NA,NA,NA,NA,NA,NA,NA,NA,NA,NA,NA,"1902_25_TeamMH_TeamA3 102",NA,NA,NA,NA,NA,NA,NA,NA,NA,NA,NA,NA,NA,NA,22.3650521387722,"game_play",0,"CF",NA,"ground",-65.8779,280.407,-0.750654,"cf_field_x","cf_field_y",-65.0106,291.3021,6,12.2408568597137,1.3155,0.509700000000009,0
24584,584896,"1902_25_TeamMH_TeamA3",198,6449462,6.2415,50.6214,3.294,0.663,59.1588,69.7941,-1.113,133.2363,-48.0621,95.9298,-69.5841,81.9222,-99.249,218.5731,30.552,253.0515,128.1831,206.9439,63.9057,66.7833,-8.3244,122.1378,-61.7574,62.3898,NA,NA,82.4454,168.975,-0.658974,NA,NA,NA,NA,NA,NA,NA,NA,NA,NA,NA,NA,NA,NA,NA,NA,NA,NA,NA,NA,NA,NA,NA,NA,"1902_25_TeamMH_TeamA3 198",NA,NA,NA,NA,NA,NA,NA,NA,NA,NA,NA,NA,NA,NA,87.8065456066915,"game_play",0,"just ball",NA,"ground",84.0867,169.74,-0.503457,NA,NA,NA,NA,6,NA,NA,NA,0
24817,594300,"1902_26_TeamMC_TeamA1",156,5254777,0.003,47.5443,1.2741,-0.8655,83.376,81.813,73.8666,127.2465,-56.823,93.9627,-6.1017,135.9564,-90.3279,234.2673,42.5337,289.7943,177.1059,239.3451,49.9242,49.2933,4.7868,124.0689,-61.9566,62.7522,NA,NA,192.777,188.5908,-1.1097,NA,NA,NA,NA,NA,NA,NA,NA,NA,NA,NA,NA,NA,NA,NA,NA,NA,NA,NA,NA,NA,NA,NA,NA,"1902_26_TeamMC_TeamA1 156",NA,NA,NA,NA,NA,NA,NA,NA,NA,NA,NA,NA,NA,NA,18.9433410603832,"game_play",0,"RF",NA,"ground",193.3476,189.2526,-1.111287,"rf_field_x","rf_field_y",177.1059,239.3451,6,53.118568727894,-2.8554,0.519599999999997,0
25093,595453,"1902_26_TeamMC_TeamA1",176,6189727,-6.3216,32.2365,-1.2918,2.6502,43.4703,67.2351,3.4995,130.4472,-94.6965,91.5837,-90.3321,121.8423,-161.4867,200.8431,0.1191,307.1103,105.2046,225.1506,51.6543,43.4379,-5.3145,126.6174,-60.6138,62.6124,-16.1826,14.1402,-124.2405,112.7733,-0.665982,NA,NA,NA,NA,NA,NA,NA,NA,NA,NA,NA,NA,NA,NA,NA,NA,NA,NA,NA,NA,NA,NA,NA,NA,"1902_26_TeamMC_TeamA1 176",NA,NA,NA,NA,NA,NA,NA,NA,NA,NA,NA,NA,NA,NA,22.6141695602558,"game_play",0,"SS",NA,"ground",-124.4055,113.0376,-0.650844,"ss_field_x","ss_field_y",-90.3321,121.8423,6,35.1002329274323,3.76259999999999,-0.654299999999992,0
25547,603446,"1902_26_TeamMH_TeamA3",114,3584856,0.4929,36.1857,-0.729,-4.6893,38.0259,75.5757,7.3026,138.7932,-30.9471,64.9638,-10.6857,163.404,-67.233,267.4965,-32.9652,254.1342,130.2897,251.1255,47.0268,39.2016,NA,NA,-61.1343,62.0613,NA,NA,-32.4759,239.4246,-0.494787,NA,NA,NA,NA,NA,NA,NA,NA,NA,NA,NA,NA,NA,NA,NA,NA,NA,NA,NA,NA,NA,NA,NA,NA,"1902_26_TeamMH_TeamA3 114",NA,NA,NA,NA,NA,NA,NA,NA,NA,NA,NA,NA,NA,NA,28.6619427255028,"game_play",0,"CF",NA,"ground",-32.6943,240.6189,-0.395829,"cf_field_x","cf_field_y",-32.9652,254.1342,6,14.7177357854393,0.420900000000003,4.28970000000001,0
25746,608496,"1902_26_TeamMH_TeamA3",239,7986158,7.3365,48.0759,0.2784,2.9013,58.4358,64.9653,-11.9535,129.8166,-11.8161,90.7926,-35.0412,97.551,-83.4597,271.5714,51.1989,305.5332,109.3191,182.2599,41.5548,43.4109,0.9054,126.7038,-60.9468,62.2086,NA,NA,-42.9213,130.2093,-0.522267,NA,NA,NA,NA,NA,NA,NA,NA,NA,NA,NA,NA,NA,NA,NA,NA,NA,NA,NA,NA,NA,NA,NA,NA,"1902_26_TeamMH_TeamA3 239",NA,NA,NA,NA,NA,NA,NA,NA,NA,NA,NA,NA,NA,NA,29.0452998237236,"game_play",0,"2B",NA,"ground",-43.3794,131.4288,-0.571866,"2b_field_x","2b_field_y",-11.9535,129.8166,6,30.9702897973203,2.2932,-1.13489999999999,0
26059,609692,"1902_26_TeamMH_TeamA3",270,9235058,1.6014,56.3499,0.1743,-4.8732,60.8889,90.1872,-1.6743,145.0473,-70.779,79.104,-44.2635,162.7614,-95.9388,309.7695,-50.8086,324.048,113.1951,259.5687,39.9987,32.973,-0.0339,125.8332,-62.595,62.9997,NA,NA,-78.8124,312.57,8.2407,NA,NA,NA,NA,NA,NA,NA,NA,NA,NA,NA,NA,NA,NA,NA,NA,NA,NA,NA,NA,NA,NA,NA,NA,"1902_26_TeamMH_TeamA3 270",NA,NA,NA,NA,NA,NA,NA,NA,NA,NA,NA,NA,NA,NA,37.8243378090086,"game_play",0,"LF",NA,"air",-79.8963,316.419,6.03585,"lf_field_x","lf_field_y",-95.9388,309.7695,6,17.3538577039804,-0.977400000000003,-3.23219999999998,0
26327,611441,"1902_26_TeamMH_TeamA3",324,11157708,-5.8731,30.1878,-0.3351,-1.6737,48.6864,71.1456,5.6619,136.4613,-65.1204,84.1107,-4.7718,159.7512,-77.3337,268.3701,-19.4397,271.4733,115.7775,253.6485,33.5541,28.371,1.0473,127.3896,-61.6428,62.5824,NA,NA,-22.31517,238.278,-0.2693517,NA,NA,NA,NA,NA,NA,NA,NA,NA,NA,NA,NA,NA,NA,NA,NA,NA,NA,NA,NA,NA,NA,NA,NA,"1902_26_TeamMH_TeamA3 324",NA,NA,NA,NA,NA,NA,NA,NA,NA,NA,NA,NA,NA,NA,45.4557880561981,"game_play",0,"CF",NA,"ground",-22.54962,240.333,-0.2614941,"cf_field_x","cf_field_y",-19.4397,271.4733,6,33.3196078880124,2.3454,2.2131,0
26752,619756,"1902_27_TeamMH_TeamA3",258,8698272,8.844,43.1001,1.4514,-1.7262,76.6293,81.5361,17.103,137.3613,-39.7152,66.897,-82.7073,150.9816,-113.4432,181.1721,-20.4729,314.8068,130.5819,256.8432,41.7132,33.3453,2.4099,124.5981,-59.7147,62.8278,NA,NA,-90.0426,150.0855,1.163613,NA,NA,NA,NA,NA,NA,NA,NA,NA,NA,NA,NA,NA,NA,NA,NA,NA,NA,NA,NA,NA,NA,NA,NA,"1902_27_TeamMH_TeamA3 258",NA,NA,NA,NA,NA,NA,NA,NA,NA,NA,NA,NA,NA,NA,36.5038229002114,"game_play",0,"LF",NA,"ground",-90.7668,150.8292,0.834378,"lf_field_x","lf_field_y",-113.4432,181.1721,6,38.9097003319224,-0.961799999999997,3.28710000000001,0
26960,620185,"1902_27_TeamMH_TeamA3",268,9021672,8.8905,42.9891,-0.0717,-5.7588,81.8466,92.4423,40.0074,135.0657,-59.6229,90.3486,-68.1315,154.6485,-151.4247,245.1093,-26.6202,310.9293,126.2844,256.3326,58.8738,49.5042,-22.2234,124.3563,-60.2613,62.9658,-10.4496,13.0872,-177.0018,256.416,28.62585,63,268,"Ball event","ball deflection off of wall","TeamA3","TeamMH",63,8,"Top",1067,1538,2044,1628,1119,2190,2006,1399,2236,5206,5722,3052,3578,"TeamMH","TeamA3","1902_27_TeamMH_TeamA3 268",NA,NA,NA,NA,NA,NA,NA,NA,NA,NA,NA,NA,NA,NA,14.1124818540185,"game_play",0,"LF",NA,"air",-177.4668,253.5606,29.85246,"lf_field_x","lf_field_y",-151.4247,245.1093,6,27.9647905284485,0.483300000000014,1.023,1
26961,620186,"1902_27_TeamMH_TeamA3",268,9021722,8.8599,42.8148,-0.0642,-5.7735,81.8451,92.4423,39.3579,134.9712,-59.7537,90.4248,-68.6016,154.4463,-151.5861,244.7685,-26.7,310.7727,126.2895,256.3317,59.1231,50.6139,-23.5506,123.8034,-60.4992,62.2017,-10.0422,12.6177,-177.4668,253.5606,29.85246,NA,NA,NA,NA,NA,NA,NA,NA,NA,NA,NA,NA,NA,NA,NA,NA,NA,NA,NA,NA,NA,NA,NA,NA,"1902_27_TeamMH_TeamA3 268",NA,NA,NA,NA,NA,NA,NA,NA,NA,NA,NA,NA,NA,NA,12.9786681450756,"game_play",0,"LF",NA,"air",-176.7333,253.0128,29.17482,"lf_field_x","lf_field_y",-151.5861,244.7685,6,27.3333432806893,0.483599999999996,1.02270000000001,1
27229,624407,"1902_28_TeamMC_TeamA1",37,1277405,27.3306,45.582,-0.0855,-3.936,110.5752,88.1946,82.9242,123.3573,-58.0662,96.5388,-3.8043,130.9473,-95.1252,225.7284,13.0404,287.5617,173.142,215.0109,57.2262,49.4472,-4.7298,128.2149,-61.2555,62.4519,NA,NA,161.6172,153.3861,-0.979158,NA,NA,NA,NA,NA,NA,NA,NA,NA,NA,NA,NA,NA,NA,NA,NA,NA,NA,NA,NA,NA,NA,NA,NA,"1902_28_TeamMC_TeamA1 37",NA,NA,NA,NA,NA,NA,NA,NA,NA,NA,NA,NA,NA,NA,14.7314342234556,"game_play",0,"RF",NA,"ground",163.1202,154.5387,-1.036722,"rf_field_x","rf_field_y",173.142,215.0109,6,62.6931973190074,-3.078,1.33110000000002,0
27573,625538,"1902_28_TeamMC_TeamA1",52,1885655,-7.0113,50.7606,3.4713,1.7754,73.3848,84.4365,30.9066,148.9524,-52.269,68.2875,-11.3385,140.4882,-123.756,246.5838,57.8367,309.9612,86.7972,292.2288,55.7772,45.5343,NA,NA,-60.2607,62.328,NA,NA,65.6175,282.4938,-0.1046115,NA,NA,NA,NA,NA,NA,NA,NA,NA,NA,NA,NA,NA,NA,NA,NA,NA,NA,NA,NA,NA,NA,NA,NA,"1902_28_TeamMC_TeamA1 52",NA,NA,NA,NA,NA,NA,NA,NA,NA,NA,NA,NA,NA,NA,18.9002517530852,"game_play",0,"CF",NA,"ground",65.9436,283.9188,-0.1144365,"cf_field_x","cf_field_y",57.8367,309.9612,6,28.5481857812366,-3.2253,1.25459999999998,0
27763,631014,"1902_28_TeamMC_TeamA1",223,8227555,1.7733,45.171,2.4048,3.4551,55.4517,68.2251,12.6756,133.2852,-54.5139,65.0517,-12.816,128.8842,-94.9395,259.7403,-0.4011,256.5411,92.9217,258.5904,51.762,42.7614,4.6812,127.5189,-59.784,62.4459,-0.5502,1.4028,0.2921784,254.5482,-0.449667,NA,NA,NA,NA,NA,NA,NA,NA,NA,NA,NA,NA,NA,NA,NA,NA,NA,NA,NA,NA,NA,NA,NA,NA,"1902_28_TeamMC_TeamA1 223",NA,NA,NA,NA,NA,NA,NA,NA,NA,NA,NA,NA,NA,NA,23.1493752390858,"game_play",0,"CF",NA,"ground",0.490419,255.9855,-0.47487,"cf_field_x","cf_field_y",-0.4011,256.5411,6,2.11004392132164,0.0831,2.84910000000002,0
27972,631223,"1902_28_TeamMC_TeamA1",224,8289405,0.2682,43.7766,0.2169,7.7496,52.7205,60.3678,14.0262,101.2869,-55.1274,65.7207,-36.8967,106.8447,-183.1134,197.3019,-0.1818,298.9806,99.9312,220.101,57.6186,53.9427,NA,NA,-61.8663,62.4369,-1.5027,3.3849,-186.4347,193.6446,-1.250937,NA,NA,NA,NA,NA,NA,NA,NA,NA,NA,NA,NA,NA,NA,NA,NA,NA,NA,NA,NA,NA,NA,NA,NA,"1902_28_TeamMC_TeamA1 224",NA,NA,NA,NA,NA,NA,NA,NA,NA,NA,NA,NA,NA,NA,10.5353760848866,"game_play",0,"LF",NA,"ground",-188.3376,195.1977,-1.34397,"lf_field_x","lf_field_y",-183.1134,197.3019,6,4.94033166700373,0.965400000000017,1.20960000000002,0
28146,642940,"1902_30_TeamMF_TeamA2",93,2886679,2.2275,43.218,0.51,-3.7176,65.4309,68.6628,-0.2016,129.6447,-74.5248,78.9399,-58.2606,129.8985,-148.5285,225.8643,17.5173,283.4574,128.1024,205.902,52.3197,39.6834,NA,NA,-60.345,62.3199,NA,NA,-174.4104,155.3778,-0.391929,NA,NA,NA,NA,NA,NA,NA,NA,NA,NA,NA,NA,NA,NA,NA,NA,NA,NA,NA,NA,NA,NA,NA,NA,"1902_30_TeamMF_TeamA2 93",NA,NA,NA,NA,NA,NA,NA,NA,NA,NA,NA,NA,NA,NA,25.6462988294608,"game_play",0,"LF",NA,"ground",-174.2988,155.4294,-0.389358,"lf_field_x","lf_field_y",-148.5285,225.8643,6,75.0880778143907,1.29900000000001,1.6662,0
28371,643190,"1902_30_TeamMF_TeamA2",96,2989679,-4.7586,36.1707,0.9783,-2.1291,39.8112,70.5294,31.2924,137.6277,-59.5392,87.6588,-16.9707,140.5668,-130.1397,214.0752,9.7722,257.3244,104.5038,275.6253,43.2261,34.3014,NA,NA,-61.2576,62.5419,NA,NA,9.04368,253.4868,1.598472,NA,NA,NA,NA,NA,NA,NA,NA,NA,NA,NA,NA,NA,NA,NA,NA,NA,NA,NA,NA,NA,NA,NA,NA,"1902_30_TeamMF_TeamA2 96",NA,NA,NA,NA,NA,NA,NA,NA,NA,NA,NA,NA,NA,NA,34.8513523865287,"game_play",0,"CF",NA,"ground",8.79372,254.8749,1.455276,"cf_field_x","cf_field_y",9.7722,257.3244,6,3.90613813764955,-0.985799999999999,2.95049999999998,0
28536,645464,"1902_30_TeamMF_TeamA2",164,5561029,-5.7696,53.9994,-1.569,1.3872,66.3165,75.6024,-3.7374,121.656,-72.5289,78.201,-87.8358,149.2311,-152.3211,206.0928,-16.623,296.6328,126.9582,224.1771,53.2935,45.0219,NA,NA,-61.434,62.9511,NA,NA,-147.1518,182.6331,0.1724472,NA,NA,NA,NA,NA,NA,NA,NA,NA,NA,NA,NA,NA,NA,NA,NA,NA,NA,NA,NA,NA,NA,NA,NA,"1902_30_TeamMF_TeamA2 164",NA,NA,NA,NA,NA,NA,NA,NA,NA,NA,NA,NA,NA,NA,20.4310602235909,"game_play",0,"LF",NA,"ground",-146.4234,182.7537,0.455418,"lf_field_x","lf_field_y",-152.3211,206.0928,6,24.02247253261,-0.455999999999989,2.03369999999998,0
28743,645963,"1902_30_TeamMF_TeamA2",181,6159979,-7.5315,39.0933,-1.5531,4.6164,70.0533,69.7476,0.006,128.2851,-40.4748,57.4923,-80.6178,111.615,-156.6741,199.4364,-1.6722,274.1634,127.6938,206.0142,59.856,71.4933,NA,NA,-62.5194,62.5272,-0.966,2.9049,NA,NA,NA,NA,NA,NA,NA,NA,NA,NA,NA,NA,NA,NA,NA,NA,NA,NA,NA,NA,NA,NA,NA,NA,NA,NA,NA,"1902_30_TeamMF_TeamA2 181",NA,NA,NA,NA,NA,NA,NA,NA,NA,NA,NA,NA,NA,NA,81.6317002205026,"game_play",0,"LF",NA,"fielder has it",NA,NA,NA,"lf_field_x","lf_field_y",-156.6741,199.4364,6,NA,-0.79079999999999,1.17090000000002,1
28998,653942,"1902_31_TeamMF_TeamA2",117,3406596,5.0229,58.5243,-0.8706,-4.1139,73.995,82.0662,26.5704,133.6536,-74.8569,92.8623,-27.798,140.9514,-193.3857,245.5008,-50.109,262.2348,108.9141,236.7762,48.3933,36.5574,NA,NA,-60.1368,62.5704,NA,NA,-197.7402,252.2784,4.02465,NA,NA,NA,NA,NA,NA,NA,NA,NA,NA,NA,NA,NA,NA,NA,NA,NA,NA,NA,NA,NA,NA,NA,NA,"1902_31_TeamMF_TeamA2 117",NA,NA,NA,NA,NA,NA,NA,NA,NA,NA,NA,NA,NA,NA,30.2087202583956,"game_play",0,"LF",NA,"air",-197.4369,252.6699,2.683998,"lf_field_x","lf_field_y",-193.3857,245.5008,6,8.05590044687742,-0.0545999999999935,0.721499999999992,0
29225,657250,"1902_31_TeamMF_TeamA2",234,7544196,0.5091,33.2103,-0.1836,1.3902,47.0163,65.8749,25.6515,142.5858,-56.535,84.9294,-8.007,132.9999,-122.1939,247.7565,27.9192,302.8122,62.7624,261.9822,43.7694,31.935,9.3492,124.3287,-60.2391,62.5056,NA,NA,53.0793,235.0017,0.01395753,NA,NA,NA,NA,NA,NA,NA,NA,NA,NA,NA,NA,NA,NA,NA,NA,NA,NA,NA,NA,NA,NA,NA,NA,"1902_31_TeamMF_TeamA2 234",NA,NA,NA,NA,NA,NA,NA,NA,NA,NA,NA,NA,NA,NA,36.5356018338278,"game_play",0,"RF",NA,"ground",53.4231,236.6019,0.00860034,"rf_field_x","rf_field_y",62.7624,261.9822,6,28.6654810854449,2.0877,1.43190000000004,0
29544,690263,"1903_01_TeamNE_TeamA2",204,6639798,-8.7834,49.032,-1.731,0.5625,61.4727,89.1879,0.9846,128.3523,-71.0397,83.643,-66.0234,133.4223,-177.9771,242.0313,-34.4649,296.7351,103.2879,237.996,53.4894,44.7189,NA,NA,-60.8868,62.5134,-29.5128,28.2267,NA,NA,NA,NA,NA,NA,NA,NA,NA,NA,NA,NA,NA,NA,NA,NA,NA,NA,NA,NA,NA,NA,NA,NA,NA,NA,NA,"1903_01_TeamNE_TeamA2 204",NA,NA,NA,NA,NA,NA,NA,NA,NA,NA,NA,NA,NA,NA,20.6070407766375,"game_play",0,"LF",NA,"fielder has it",NA,NA,NA,"lf_field_x","lf_field_y",-177.9771,242.0313,6,NA,1.81290000000001,0.627600000000001,0
29925,692749,"1903_01_TeamNE_TeamA2",220,7049097,0.0417,55.0722,-0.6618,-3.3474,64.5312,86.3913,23.3175,157.4496,-74.2083,95.8377,-38.1291,137.8815,-104.9019,279.3912,32.9289,299.5008,113.5431,262.2324,17.9634,10.3164,12.3114,121.1373,-60.4116,62.4396,NA,NA,76.2,311.406,58.5603,NA,NA,NA,NA,NA,NA,NA,NA,NA,NA,NA,NA,NA,NA,NA,NA,NA,NA,NA,NA,NA,NA,NA,NA,"1903_01_TeamNE_TeamA2 220",NA,NA,NA,NA,NA,NA,NA,NA,NA,NA,NA,NA,NA,NA,69.3098625631302,"game_play",0,"RF",NA,"air",77.3124,311.874,55.9656,"rf_field_x","rf_field_y",113.5431,262.2324,6,61.745850504872,0.79140000000001,-1.5924,0
30268,694510,"1903_01_TeamNE_TeamA2",230,7474336,3.5721,56.0079,-0.2385,-2.4642,59.2962,62.7378,-36.6483,149.0709,-62.3148,71.9103,-8.1801,176.6916,-90.9213,259.356,-12.1788,275.4762,133.185,238.6311,49.0521,49.3785,NA,NA,-61.3983,62.2239,NA,NA,NA,NA,NA,NA,NA,NA,NA,NA,NA,NA,NA,NA,NA,NA,NA,NA,NA,NA,NA,NA,NA,NA,NA,NA,NA,NA,NA,"1903_01_TeamNE_TeamA2 230",NA,NA,NA,NA,NA,NA,NA,NA,NA,NA,NA,NA,NA,NA,19.4958758885052,"game_play",0,"C",NA,"fielder has it",NA,NA,NA,"c_field_x","c_field_y",-0.2385,-2.4642,6,NA,0.033,-0.1776,0
30627,697571,"1903_01_TeamNE_TeamA2",249,8144896,-15.51,43.422,0.2943,-6.3246,43.0695,75.6549,12.519,170.9793,-69.6966,76.533,-18.771,161.2134,-105.4383,259.6935,55.6518,352.5354,100.2561,318.9885,56.2575,46.4799,-1.6935,125.1576,-61.4625,62.8512,NA,NA,58.6542,343.674,13.09965,NA,NA,NA,NA,NA,NA,NA,NA,NA,NA,NA,NA,NA,NA,NA,NA,NA,NA,NA,NA,NA,NA,NA,NA,"1903_01_TeamNE_TeamA2 249",NA,NA,NA,NA,NA,NA,NA,NA,NA,NA,NA,NA,NA,NA,17.8430661675621,"game_play",0,"just ball",NA,"fielder has it",57.9819,340.347,13.32459,NA,NA,NA,NA,6,NA,NA,NA,0
30628,697572,"1903_01_TeamNE_TeamA2",249,8144929,-15.6708,43.1982,0.2988,-6.33,42.8271,75.5274,12.6129,171.1524,-69.7032,76.4025,-18.306,161.6007,-105.3465,259.2648,56.2773,353.0601,100.1541,319.6011,56.6982,47.2527,-2.439,125.1909,-61.3791,62.1498,NA,NA,57.9819,340.347,13.32459,NA,NA,NA,NA,NA,NA,NA,NA,NA,NA,NA,NA,NA,NA,NA,NA,NA,NA,NA,NA,NA,NA,NA,NA,"1903_01_TeamNE_TeamA2 249",NA,NA,NA,NA,NA,NA,NA,NA,NA,NA,NA,NA,NA,NA,16.9614309694082,"game_play",0,"just ball",NA,"fielder has it",57.3117,337.044,13.52646,NA,NA,NA,NA,6,NA,NA,NA,0
31039,706346,"1903_01_TeamNE_TeamA2",310,10343424,7.2078,54.2505,-0.7035,-5.2539,68.2239,80.7207,28.5126,125.8473,-68.6109,65.1912,-7.1511,136.7772,-128.4831,239.7483,9.0255,301.4307,148.4286,247.8297,12.8466,10.089,6.9171,121.9686,-60.8118,62.6496,NA,NA,236.6868,227.2821,0.1058508,NA,NA,NA,NA,NA,NA,NA,NA,NA,NA,NA,NA,NA,NA,NA,NA,NA,NA,NA,NA,NA,NA,NA,NA,"1903_01_TeamNE_TeamA2 310",NA,NA,NA,NA,NA,NA,NA,NA,NA,NA,NA,NA,NA,NA,72.9036175546865,"game_play",0,"RF",NA,"ground",236.4135,227.1387,0.0984165,"rf_field_x","rf_field_y",148.4286,247.8297,6,90.6185065701262,-1.59899999999999,0.964799999999997,0
31040,706347,"1903_01_TeamNE_TeamA2",310,10343457,7.2027,54.2403,-0.708,-5.2398,68.343,80.6094,28.293,125.8908,-68.7012,65.0832,-7.1106,136.869,-128.4537,239.6298,9.0198,301.4283,148.9326,247.3644,13.4064,10.4529,6.3915,122.3526,-61.0701,62.1051,NA,NA,236.4135,227.1387,0.0984165,NA,NA,NA,NA,NA,NA,NA,NA,NA,NA,NA,NA,NA,NA,NA,NA,NA,NA,NA,NA,NA,NA,NA,NA,"1903_01_TeamNE_TeamA2 310",NA,NA,NA,NA,NA,NA,NA,NA,NA,NA,NA,NA,NA,NA,72.254569954917,"game_play",0,"RF",NA,"ground",236.1402,226.9956,0.0909819,"rf_field_x","rf_field_y",148.9326,247.3644,6,89.7885672304665,-1.53149999999999,1.1412,0
31456,711096,"1903_02_TeamNE_TeamA2",20,535275,10.1097,23.6478,0.6804,3.2814,27.5514,79.749,12.2496,128.9901,-48.8463,61.7232,-54.3225,133.722,-119.8884,264.3174,-36.5403,263.9085,83.1408,237.3741,49.3677,42.7548,NA,NA,-61.3851,62.4798,NA,NA,NA,NA,NA,NA,NA,NA,NA,NA,NA,NA,NA,NA,NA,NA,NA,NA,NA,NA,NA,NA,NA,NA,NA,NA,NA,NA,NA,"1903_02_TeamNE_TeamA2 20",NA,NA,NA,NA,NA,NA,NA,NA,NA,NA,NA,NA,NA,NA,24.4071244994161,"game_play",0,"CF",NA,"fielder has it",NA,NA,NA,"cf_field_x","cf_field_y",-36.5403,263.9085,6,NA,-0.173999999999999,2.9196,0
31658,760522,"1903_04_TeamNC_TeamA1",30,1006019,13.2405,21.2961,-0.9795,2.8746,66.9888,84.9756,51.2448,141.6726,-44.1075,83.4387,-7.7328,132.9267,-136.2375,203.913,-54.4179,301.1562,105.7524,248.238,41.7546,31.5579,NA,NA,-61.4472,62.5659,NA,NA,NA,NA,NA,NA,NA,NA,NA,NA,NA,NA,NA,NA,NA,NA,NA,NA,NA,NA,NA,NA,NA,NA,NA,NA,NA,NA,NA,"1903_04_TeamNC_TeamA1 30",NA,NA,NA,NA,NA,NA,NA,NA,NA,NA,NA,NA,NA,NA,37.9469718629827,"game_play",0,"LF",NA,"fielder has it",NA,NA,NA,"lf_field_x","lf_field_y",-136.2375,203.913,6,NA,-0.899999999999977,2.96939999999998,0
32501,827866,"1903_06_TeamND_TeamA2",212,7127024,-7.0425,45.1365,-0.093,-6.2544,62.7153,88.1745,54.3846,148.4205,-65.0997,76.6875,-36.1683,132.4245,-122.7447,214.7145,-3.2961,295.635,169.6347,243.9342,43.4262,35.3142,NA,NA,-60.6555,62.8638,NA,NA,164.1327,224.8056,9.28506,NA,NA,NA,NA,NA,NA,NA,NA,NA,NA,NA,NA,NA,NA,NA,NA,NA,NA,NA,NA,NA,NA,NA,NA,"1903_06_TeamND_TeamA2 212",NA,NA,NA,NA,NA,NA,NA,NA,NA,NA,NA,NA,NA,NA,33.9062998287929,"game_play",0,"just ball",NA,"fielder has it",158.8227,221.6997,9.7941,NA,NA,NA,NA,6,NA,NA,NA,0
33141,850295,"1903_07_TeamND_TeamA2",205,6438873,4.7988,42.258,-1.5051,-5.2785,59.808,80.0124,82.3572,150.3708,-49.8897,74.4336,-4.0881,136.3278,-126.4461,232.7928,-0.123,281.6655,165.9741,231.636,47.3787,35.1921,NA,NA,-61.1181,62.3562,-5.5332,5.7279,161.1156,203.4231,0.442002,NA,NA,NA,NA,NA,NA,NA,NA,NA,NA,NA,NA,NA,NA,NA,NA,NA,NA,NA,NA,NA,NA,NA,NA,"1903_07_TeamND_TeamA2 205",NA,NA,NA,NA,NA,NA,NA,NA,NA,NA,NA,NA,NA,NA,31.8952083564287,"game_play",0,"RF",NA,"ground",162.1056,204.6246,0.312249,"rf_field_x","rf_field_y",165.9741,231.636,6,28.6281810225519,-3.70769999999999,1.6584,0
33389,859820,"1903_07_TeamND_TeamA2",312,10337023,4.3182,53.3976,-0.5736,-4.0143,53.2335,85.4181,17.4174,140.5338,-67.9899,80.1858,-58.4838,148.0572,-148.2168,263.7117,-39.1662,305.6892,102.2415,210.1476,48.525,33.8319,NA,NA,-59.7717,62.2446,-30.8436,28.4496,-137.5248,243.8274,78.6672,NA,NA,NA,NA,NA,NA,NA,NA,NA,NA,NA,NA,NA,NA,NA,NA,NA,NA,NA,NA,NA,NA,NA,NA,"1903_07_TeamND_TeamA2 312",NA,NA,NA,NA,NA,NA,NA,NA,NA,NA,NA,NA,NA,NA,32.5623046268227,"game_play",0,"LF",NA,"air",-139.0341,245.5809,77.1933,"lf_field_x","lf_field_y",-148.2168,263.7117,6,22.5766306274874,3.66480000000001,-2.33580000000001,0
33692,877522,"1903_08_TeamNJ_TeamB",147,5069617,-17.745,16.6569,2.9421,4.5186,28.5981,71.4996,28.764,127.4859,-63.0639,80.8062,-16.665,130.6188,-134.4468,246.5883,3.4527,301.2687,109.9983,209.0427,50.8176,43.4796,4.7484,123.7107,-60.6777,62.5239,NA,NA,NA,NA,NA,NA,NA,NA,NA,NA,NA,NA,NA,NA,NA,NA,NA,NA,NA,NA,NA,NA,NA,NA,NA,NA,NA,NA,NA,"1903_08_TeamNJ_TeamB 147",NA,NA,NA,NA,NA,NA,NA,NA,NA,NA,NA,NA,NA,NA,23.0099301589553,"game_play",0,"RF",NA,"fielder has it",NA,NA,NA,"rf_field_x","rf_field_y",109.9983,209.0427,6,NA,1.0098,2.10599999999999,0
33925,907505,"1903_09_TeamNJ_TeamB",220,8560015,-3.6231,23.1612,1.2201,2.4144,41.9787,75.7746,26.8656,139.6332,-51.6327,69.2892,-23.0928,147.0933,-124.035,238.7649,-9.6303,258.6303,86.3727,266.9307,49.4967,37.5498,NA,NA,-60.2961,62.7261,NA,NA,-10.32642,7.34016,4.21866,61,223,"C","ball acquired","TeamB","TeamNJ",61,8,"Bottom",5480,3020,6266,3033,6201,4557,3428,6878,7518,1144,0,2925,0,"TeamB","TeamNJ","1903_09_TeamNJ_TeamB 220",NA,NA,NA,NA,NA,NA,NA,NA,NA,NA,NA,NA,NA,NA,28.8106194124667,"game_play",0,"C",NA,"fielder has it",NA,NA,NA,"c_field_x","c_field_y",1.2201,2.4144,6,12.5532958097864,NA,NA,0
34177,910958,"1903_09_TeamNJ_TeamB",257,9927265,-27.3336,21.996,-1.8543,3.3831,61.3329,63.2394,6.7854,127.8114,0.0669,33.3582,-55.335,76.4691,-121.3269,243.4383,-15.3585,283.4559,116.262,216.2649,74.3826,73.5021,NA,NA,-58.3239,62.5344,NA,NA,101.2464,84.036,-0.573558,NA,NA,NA,NA,NA,NA,NA,NA,NA,NA,NA,NA,NA,NA,NA,NA,NA,NA,NA,NA,NA,NA,NA,NA,"1903_09_TeamNJ_TeamB 257",NA,NA,NA,NA,NA,NA,NA,NA,NA,NA,NA,NA,NA,NA,91.6231220116953,"game_play",0,"just ball",NA,"fielder has it",101.7579,84.3309,-0.580356,NA,NA,NA,NA,6,NA,NA,NA,0
34557,915896,"1903_10_TeamNJ_TeamB",15,541739,-7.2858,37.1115,-0.6375,-2.8221,37.6005,70.0074,-0.9681,129.984,-62.9292,72.2337,-17.2371,173.5062,-105.0036,281.3382,-68.0655,324.4065,116.7048,247.2363,59.2158,63.471,NA,NA,-61.7442,62.1345,NA,NA,-71.5251,314.001,-0.1836,NA,NA,NA,NA,NA,NA,NA,NA,NA,NA,NA,NA,NA,NA,NA,NA,NA,NA,NA,NA,NA,NA,NA,NA,"1903_10_TeamNJ_TeamB 15",NA,NA,NA,NA,NA,NA,NA,NA,NA,NA,NA,NA,NA,NA,86.847249873787,"game_play",0,"CF",NA,"ground",-71.8458,315.411,-0.16065,"cf_field_x","cf_field_y",-68.0655,324.4065,6,10.9655488877666,3.1125,-0.930900000000008,0
34791,938317,"1903_10_TeamNJ_TeamB",245,8577772,1.7916,30.9006,0.0993,-0.7623,43.1574,65.256,11.1564,152.6025,-62.4696,76.8918,-25.0749,144.1332,-120.6174,264.363,18.3378,264.3723,111.9024,244.569,52.0209,43.6119,NA,NA,-61.3995,62.7408,NA,NA,17.74002,244.6452,-0.83097,NA,NA,NA,NA,NA,NA,NA,NA,NA,NA,NA,NA,NA,NA,NA,NA,NA,NA,NA,NA,NA,NA,NA,NA,"1903_10_TeamNJ_TeamB 245",NA,NA,NA,NA,NA,NA,NA,NA,NA,NA,NA,NA,NA,NA,22.2809124234175,"game_play",0,"CF",NA,"ground",17.83032,246.5586,-0.819588,"cf_field_x","cf_field_y",18.3378,264.3723,6,19.7361550292452,0.0822000000000003,3.12599999999998,0
35051,951390,"1903_11_TeamNC_TeamA1",124,9545986,-9.9648,44.7822,-0.2673,1.8846,52.4667,97.2075,39.4806,187.8639,-65.8143,74.7138,3.4599,147.7047,-130.1688,209.0442,48.9039,329.3805,111.9153,313.9314,59.7189,55.4943,NA,NA,-60.5565,62.6091,NA,NA,123.4644,327.033,-0.995457,NA,NA,NA,NA,NA,NA,NA,NA,NA,NA,NA,NA,NA,NA,NA,NA,NA,NA,NA,NA,NA,NA,NA,NA,"1903_11_TeamNC_TeamA1 124",NA,NA,NA,NA,NA,NA,NA,NA,NA,NA,NA,NA,NA,NA,8.19152914296226,"game_play",0,"RF",NA,"ground",124.2696,328.299,-1.005372,"rf_field_x","rf_field_y",111.9153,313.9314,6,17.4652120906103,-1.98990000000001,-3.82529999999997,0
35440,956352,"1903_11_TeamNC_TeamA1",166,10998236,17.6037,-19.0041,0.0324,2.2737,15.4599,84.9309,-60.9426,131.8818,-51.0708,66.1833,-96.0888,167.9544,-187.7274,293.7402,-99.5289,297.3309,109.737,217.6602,29.394,111.8715,-21.5829,117.657,-60.5862,62.7201,NA,NA,-136.6869,221.7177,17.80122,NA,NA,NA,NA,NA,NA,NA,NA,NA,NA,NA,NA,NA,NA,NA,NA,NA,NA,NA,NA,NA,NA,NA,NA,"1903_11_TeamNC_TeamA1 166",NA,NA,NA,NA,NA,NA,NA,NA,NA,NA,NA,NA,NA,NA,33.0587166757876,"game_play",0,"just ball",NA,"fielder has it",-133.8633,218.0826,17.78976,NA,NA,NA,NA,6,NA,NA,NA,0
35755,959745,"1903_11_TeamNC_TeamA1",197,12096786,7.3461,2.1582,0.6522,4.5648,48.2586,103.887,36.7659,195.0225,-66.9264,70.5972,17.082,157.3653,-127.9908,203.6358,114.3159,351.5631,129.4104,342.303,28.9128,105.9204,-43.5108,102.0528,-60.2931,62.3634,-28.6539,27.3228,70.2357,262.8672,16.17459,NA,NA,NA,NA,NA,NA,NA,NA,NA,NA,NA,NA,NA,NA,NA,NA,NA,NA,NA,NA,NA,NA,NA,NA,"1903_11_TeamNC_TeamA1 197",NA,NA,NA,NA,NA,NA,NA,NA,NA,NA,NA,NA,NA,NA,35.7812735938787,"game_play",0,"just ball",NA,"fielder has it",67.2942,258.5163,16.20456,NA,NA,NA,NA,6,NA,NA,NA,0
36010,965935,"1903_11_TeamNC_TeamA1",253,14158986,-2.955,34.5102,1.6869,1.0959,57.0894,89.2536,2.6064,139.2816,-71.9538,89.4258,-69.9783,141.2472,-180.6444,254.6139,16.8261,273.2175,112.3389,219.5781,48.7113,36.291,-6.8832,125.5695,-60.6021,62.1912,NA,NA,-211.2594,270.2037,-0.341973,NA,NA,NA,NA,NA,NA,NA,NA,NA,NA,NA,NA,NA,NA,NA,NA,NA,NA,NA,NA,NA,NA,NA,NA,"1903_11_TeamNC_TeamA1 253",NA,NA,NA,NA,NA,NA,NA,NA,NA,NA,NA,NA,NA,NA,30.2908835904468,"game_play",0,"LF",NA,"ground",-210.9282,270.0264,-0.429354,"lf_field_x","lf_field_y",-180.6444,254.6139,6,34.355786834826,3.7929,-1.91220000000001,0
